Date,pro1,pro2,pro3,pro4,lumbini,Karnali,Supa,Antigen,Total,sum,cum,pro1,,,pro2,,,pro3,,,pro4,,,pro5,,,pro6,,,pro7,,,,P1,P2,P3,P4,P5,P6,P7,,Active(Nepal),AP1,AP2,AP3,AP4,AP5,AP6,AP7,,St,S1,S2,S3,S4,S5,S6,S7,,kathamandu,Lalitpur,bhaktapur,Valley,,Aktm,Alalitpur,Abhaktapur,Avalley,,Stktm,Stlalit,Stbhaktapur,,IHHS,Ratio
3/14/2021,3,0,27,16,5,1,1,0,53,53,53,IIS,ICU,Vent,IIS,ICU,Vent,IIS,ICU,Vent,IIS,ICU,Vent,IIS,ICU,Vent,IIS,ICU,Vent,IIS,ICU,Vent,,3,0,27,16,5,1,1,,,,,,,,,,,,,,,,,,,,19,2,1,22,,,,,,,,,,,#VALUE!,
3/15/2021,6,0,46,15,10,1,1,0,79,79,132,,,,,,,,,,,,,,,,,,,,,,,6,0,46,15,10,1,1,,,,,,,,,,,,,,,,,,,,27,10,4,41,,,,,,,,,,,0,#DIV/0!
3/16/2021,5,0,62,32,12,3,0,0,114,114,246,,,,,,,,,,,,,,,,,,,,,,,5,0,62,32,12,3,0,,,,,,,,,,,,,,,,,,,,34,7,2,43,,,,,,,,,,,0,#DIV/0!
3/17/2021,5,4,62,11,10,0,2,0,94,94,340,,,,,,,,,,,,,,,,,,,,,,,5,4,62,11,10,0,2,,,,,,,,,,,,,,,,,,,,29,13,11,53,,,,,,,,,,,0,#DIV/0!
3/18/2021,10,7,66,18,5,0,1,0,107,107,447,,,,,,,,,,,,,,,,,,,,,,,10,7,66,18,5,0,1,,,,,,,,,,,,,,,,,,,,44,8,7,59,,,,,,,,,,,0,#DIV/0!
3/19/2021,7,4,51,54,6,1,2,0,125,125,572,,,,,,,,,,,,,,,,,,,,,,,7,4,51,54,6,1,2,,,,,,,,,,,,,,,,,,,,30,5,10,45,,,,,,,,,,,0,#DIV/0!
3/20/2021,1,0,62,6,9,0,1,0,79,79,651,,,,,,,,,,,,,,,,,,,,,,,1,0,62,6,9,0,1,,,,,,,,,,,,,,,,,,,,42,15,1,58,,,,,,,,,,,0,#DIV/0!
3/21/2021,2,4,44,21,6,0,0,0,77,77,728,,,,,,,,,,,,,,,,,,,,,,,2,4,44,21,6,0,0,,,,,,,,,,,,,,,,,,,,34,5,2,41,,,,,,,,,,,0,#DIV/0!
3/22/2021,4,10,96,17,22,0,1,0,150,150,878,,,,,,,,,,,,,,,,,,,,,,,4,10,96,17,22,0,1,,,,,,,,,,,,,,,,,,,,51,22,11,84,,,,,,,,,,,0,#DIV/0!
3/23/2021,9,2,103,61,10,1,2,0,188,188,1066,,,,,,,,,,,,,,,,,,,,,,,9,2,103,61,10,1,2,,,,,,,,,,,,,,,,,,,,76,16,5,97,,,,,,,,,,,0,#DIV/0!
3/24/2021,13,7,73,33,10,6,3,0,145,145,1211,,,,,,,,,,,,,,,,,,,,,,,13,7,73,33,10,6,3,,,,,,,,,,,,,,,,,,,,53,8,2,63,,,,,,,,,,,0,#DIV/0!
3/25/2021,7,1,68,23,13,3,5,0,120,120,1331,,,,,,,,,,,,,,,,,,,,,,,7,1,68,23,13,3,5,,,,,,,,,,,,,,,,,,,,41,5,19,65,,,,,,,,,,,0,#DIV/0!
3/26/2021,6,1,91,37,15,2,4,0,156,156,1487,,,,,,,,,,,,,,,,,,,,,,,6,1,91,37,15,2,4,,,,,,,,,,,,,,,,,,,,55,9,2,66,,,,,,,,,,,0,#DIV/0!
3/27/2021,3,1,52,10,16,0,3,0,85,85,1572,,,,,,,,,,,,,,,,,,,,,,,3,1,52,10,16,0,3,,,,,,,,,,,26000000,4766923,5871066,6026626,2472494,4831638,1701081,2760947,,37,8,5,50,,,,,,,,,,,0,#DIV/0!
3/28/2021,3,1,71,4,10,0,0,0,89,89,1661,,,,,,,,,,,,,,,,,,,,,,,3,1,71,4,10,0,0,,,,,,,,,,,,,,,,,,,,52,7,6,65,,,,,,,,,,,0,#DIV/0!
3/29/2021,4,6,61,44,11,1,14,0,141,141,1802,,,,,,,,,,,,,,,,,,,,,,,4,6,61,44,11,1,14,,1802,88,48,1035,402,170,19,40,,25998198,4766835,5871018,6025591,2472092,4831468,1701062,2760907,,50,7,1,58,,,,,,,,,,,0,#DIV/0!
3/30/2021,2,1,114,39,8,0,3,0,167,167,1969,,,,,,,,,,,,,,,,,,,,,,,2,1,114,39,8,0,3,,1916,87,49,1122,425,173,18,42,,25998031,4766833,5871017,6025477,2472053,4831460,1701062,2760904,,78,7,4,89,,,,,,,,,,,0,0
3/31/2021,7,1,74,43,24,3,10,0,162,162,2131,,,,,,,,,,,,,,,,,,,,,,,7,1,74,43,24,3,10,,1999,88,50,1150,453,187,20,51,,25997869,4766826,5871016,6025403,2472010,4831436,1701059,2760894,,50,13,4,67,,,,,,,,,,,0,0
1/4/2021,3,4,93,27,21,1,3,0,152,152,2283,,,,,,,,,,,,,,,,,,,,,,,3,4,93,27,21,1,3,,2037,86,54,1181,448,196,18,54,,25997717,4766823,5871012,6025310,2471983,4831415,1701058,2760891,,73,8,5,86,,,,,,,,,,,0,0
2/4/2021,9,2,106,33,16,1,12,0,179,179,2462,,,,,,,,,,,,,,,,,,,,,,,9,2,106,33,16,1,12,,2122,90,52,1225,470,202,19,64,,25997538,4766814,5871010,6025204,2471950,4831399,1701057,2760879,,78,8,8,94,,,,,,,,,,,0,0
3/4/2021,6,10,76,4,19,12,1,0,128,128,2590,,,,,,,,,,,,,,,,,,,,,,,6,10,76,4,19,12,1,,2143,86,55,1235,456,216,31,64,,25997410,4766808,5871000,6025128,2471946,4831380,1701045,2760878,,57,10,2,69,,,,,,,,,,,0,0
4/4/2021,19,1,103,37,18,5,1,0,176,184,2766,,,,,,,,,,,,,,,,,,,,,,,19,1,103,37,18,5,1,,2194,98,52,1287,439,228,35,63,,25997234,4766789,5870999,6025025,2471909,4831362,1701040,2760877,,87,8,4,99,,,,,,,,,,,0,0
5/4/2021,9,8,179,36,25,2,7,0,266,266,3032,,,,,,,,,,,,,,,,,,,,,,,9,8,179,36,25,2,7,,2381,106,60,1404,469,244,37,69,,25996968,4766780,5870991,6024846,2471873,4831337,1701038,2760870,,98,26,13,137,,,,,,,,,,,0,0
6/4/2021,9,13,163,37,32,4,2,0,260,260,3292,,,,,,,,,,,,,,,,,,,,,,,9,13,163,37,32,4,2,,2564,113,69,1523,485,270,41,71,,25996708,4766771,5870978,6024683,2471836,4831305,1701034,2760868,,108,33,8,149,,,,,,,,,,,0,0
7/4/2021,18,14,178,34,34,1,19,0,298,298,3590,,,,,,,,,,,,,,,,,,,,,,,18,14,178,34,34,1,19,,2712,127,73,1605,502,282,42,89,,25996410,4766753,5870964,6024505,2471802,4831271,1701033,2760849,,132,26,8,166,,,,,,,,,,,0,0
8/4/2021,22,22,185,62,29,3,9,0,332,332,3922,,,,,,,,,,,,,,,,,,,,,,,22,22,185,62,29,3,9,,2856,140,93,1687,503,301,44,96,,25996078,4766731,5870942,6024320,2471740,4831242,1701030,2760840,,139,22,7,168,,,,,,,,,,,0,0
9/4/2021,20,11,141,38,59,14,5,0,288,288,4210,,,,,,,,,,,,,,,,,,,,,,,20,11,141,38,59,14,5,,2999,147,97,1755,508,350,52,98,,25995790,4766711,5870931,6024179,2471702,4831183,1701016,2760835,,117,9,3,129,,,,,,,,,,,0,0
10/4/2021,26,24,191,22,63,2,9,0,337,337,4547,,,,,,,,,,,,,,,,,,,,,,,26,24,191,22,63,2,9,,3216,166,120,1878,507,400,51,102,,25995453,4766685,5870907,6023988,2471680,4831120,1701014,2760826,,116,20,4,140,,,,,,,,,,,0,0
11/4/2021,22,5,162,51,46,13,4,0,303,303,4850,,,,,,,,,,,,,,,,,,,,,,,22,5,162,51,46,13,4,,3363,182,124,1949,521,431,62,102,,25995150,4766663,5870902,6023826,2471629,4831074,1701001,2760822,,128,15,11,154,,,,,,,,,,,444,0.138059701
12/4/2021,22,5,162,51,46,13,4,0,303,303,5153,4,1,0,0,0,0,256,54,14,36,0,0,42,35,0,2,1,0,110,1,1,,22,5,162,51,46,13,4,,3581,201,128,2059,562,461,75,103,,25994847,4766641,5870897,6023664,2471578,4831028,1700988,2760818,,159,44,8,211,,,,,,,,,,,413,0.122807018
4/13/2021,32,44,235,36,122,6,21,63,559,559,5712,4,2,0,2,0,0,288,41,15,36,0,0,26,52,4,0,0,0,57,2,1,,36.06451613,49.58870968,264.8487903,40.57258065,137.4959677,6.762096774,23.66733871,,4051,234.0645161,176.5887097,2252.84879,598.5725806,588.4959677,81.76209677,126.6673387,,25994288,4766609,5870853,6023429,2471542,4830906,1700982,2760797,,161,28,12,201,,,,,,,,,,,456,0.127338732
4/14/2021,44,62,215,38,58,14,29,57,517,517,6229,5,2,0,2,0,0,297,41,18,30,0,0,84,36,5,0,0,0,39,1,2,,49.45217391,69.6826087,241.6413043,42.70869565,65.18695652,15.73478261,32.59347826,,4427,279.51669,240.2713184,2433.490095,597.2812763,642.6829243,96.49687938,145.260817,,25993771,4766565,5870791,6023214,2471504,4830848,1700968,2760768,,173,61,20,254,,,,,,,2000000,1500000,500000,4000000,481,0.118736115
4/15/2021,24,27,206,67,133,20,13,44,534,534,6763,10,5,1,7,4,0,286,37,24,30,0,0,103,40,8,4,4,0,50,1,2,,26.15510204,29.4244898,224.4979592,73.01632653,144.9428571,21.79591837,14.16734694,,4794,303.6717921,268.6958082,2543.988054,631.2976028,779.6257814,118.2927978,156.4281639,,25993237,4766541,5870764,6023008,2471437,4830715,1700948,2760755,2/1/2022,145,43,8,196,,1698,353,116,2167,,1997427,1499472,496681,3993580,504,0.113846849
4/16/2021,43,52,385,62,238,11,45,64,900,900,7663,9,2,1,2,2,0,292,46,21,30,8,1,102,36,12,4,4,0,68,2,3,,46.29186603,55.98086124,414.4736842,66.74641148,256.2200957,11.84210526,48.44497608,,5532,342.9636581,323.6766694,2884.461738,655.0440143,1011.845877,127.134903,194.87314,,25992337,4766498,5870712,6022623,2471375,4830477,1700937,2760710,3/1/2022,286,43,19,348,,1906,388,127,2421,,1997141,1499429,496333,3992903,573,0.119524406
4/17/2021,32,91,436,28,109,32,40,75,843,843,8506,9,2,0,7,7,0,301,44,26,42,3,1,133,30,14,6,5,1,81,3,3,,35.125,99.88671875,478.578125,30.734375,119.6445313,35.125,43.90625,,6223,375.0886581,419.5633882,3270.039863,658.7783893,1110.490408,161.259903,235.77939,,25991494,4766466,5870621,6022187,2471347,4830368,1700905,2760670,4/1/2022,312,74,9,395,,2161,452,134,2747,,1996829,1499355,495938,3992122,561,0.101409978
4/18/2021,60,70,475,84,272,31,23,81,1096,1096,9602,16,7,1,7,7,0,297,60,28,42,3,1,125,30,11,8,6,2,81,3,3,,64.78817734,75.5862069,512.9064039,90.70344828,293.7064039,33.47389163,24.83546798,,7140,430.8768355,493.1495951,3676.946267,716.4818376,1388.196812,193.7337946,248.614858,,25990398,4766406,5870551,6021712,2471263,4830096,1700874,2760647,5/1/2022,326,64,44,434,,2400,508,174,3082,,1996503,1499291,495504,3991298,573,0.092077776
4/19/2021,64,80,692,85,204,8,94,54,1281,1281,10883,17,8,1,7,7,0,289,71,27,46,4,1,115,40,10,13,7,2,100,11,2,,66.81662592,83.5207824,722.4547677,88.7408313,212.9779951,8.35207824,98.13691932,,8293,491.6934614,566.6703775,4323.401035,801.2226689,1582.174807,190.0858729,345.7517773,,25989117,4766342,5870471,6021020,2471178,4829892,1700866,2760553,6/1/2022,505,97,32,634,,2807,579,193,3579,,1995998,1499194,494870,3990062,657,0.092016807
4/20/2021,110,99,775,56,521,27,79,69,1736,1736,12619,24,8,1,16,7,0,326,72,30,39,1,1,148,57,11,21,10,1,111,5,1,,114.5530894,103.0977804,807.0785843,58.31793641,542.565087,28.11757648,82.26994601,,9853,587.2465508,668.7681579,5027.479619,822.5406053,2106.739894,213.2034494,427.0217233,,25987381,4766232,5870372,6020245,2471122,4829371,1700839,2760474,7/1/2022,550,105,35,690,,3249,651,220,4120,,1995448,1499089,494180,3988717,805,0.097069818
4/21/2021,107,169,1148,186,507,74,29,131,2351,2351,14970,31,11,0,15,7,0,347,70,32,40,1,1,192,68,10,24,16,1,187,7,3,,113.313964,178.9725225,1215.742342,196.9756757,536.9175676,78.36666667,30.71126126,,11938,691.5605147,839.7406804,6064.221961,983.516281,2618.657462,289.570116,450.7329846,,25985030,4766125,5870203,6019097,2470936,4828864,1700765,2760445,8/1/2022,786,181,84,1051,,3903,806,296,5005,,1994662,1498908,493129,3986699,990,0.100477012
4/22/2021,179,127,1278,76,566,23,116,63,2428,2428,17398,29,8,0,23,0,0,450,67,41,40,1,1,276,68,14,27,16,0,170,10,3,,183.7682875,130.3830867,1312.043975,78.02452431,581.0773784,23.61268499,119.0900634,,14106,866.3288022,957.1237671,7213.265936,1024.540805,3167.73484,309.182801,567.823048,,25982602,4765946,5870076,6017819,2470860,4828298,1700742,2760329,9/1/2022,987,106,81,1174,,4751,890,370,6011,,1993675,1498802,491955,3984432,1107,0.0927291
4/23/2021,107,157,1053,112,785,118,117,110,2559,2559,19957,43,11,0,32,0,0,497,72,39,60,1,1,291,65,14,25,14,0,198,10,3,,111.8060433,164.0518579,1100.296856,117.0306247,820.2592895,123.3001225,122.2552062,,16367,960.1348455,1107.175625,8135.562792,1107.57143,3953.99413,431.4829235,671.0782542,,25980043,4765839,5869919,6016766,2470748,4827513,1700624,2760212,10/1/2022,760,106,74,940,,5394,987,441,6822,,1992915,1498696,491015,3982626,1280,0.090741528
4/24/2021,77,128,1067,110,921,46,137,133,2619,2619,22576,50,14,0,44,7,0,540,83,49,56,5,1,377,74,16,29,16,0,220,14,3,,81.11946903,134.8479485,1124.084071,115.8849558,970.2731295,48.4609815,144.3294449,,18654,1019.254315,1220.023574,9074.646863,1161.456386,4895.267259,476.943905,806.4076991,,25977424,4765762,5869791,6015699,2470638,4826592,1700578,2760075,11/1/2022,644,141,87,872,,5922,1108,524,7554,,1992271,1498555,490143,3980969,1537,0.093908474
4/25/2021,178,168,1585,183,720,153,44,90,3122,3121,25698,78,21,0,44,9,0,683,127,44,56,5,1,434,64,16,29,16,0,270,10,4,,183.2853844,172.9884527,1632.063675,188.4338502,741.3790828,157.5430551,45.30649951,,21488,1182.539699,1382.012026,10565.71054,1311.890236,5577.646342,620.4869601,846.7141986,,25974302,4765584,5869623,6014114,2470455,4825872,1700425,2760031,12/1/2022,1132,270,96,1498,,6926,1363,609,8898,,1991139,1498285,488645,3978069,1850,0.09917444
4/26/2021,244,193,2153,151,544,17,140,114,3556,3556,29254,97,24,1,44,9,0,744,119,49,107,5,1,502,75,23,30,16,0,375,20,4,,252.0813481,199.3922138,2224.30796,156.0011621,562.0174317,17.56304474,144.636839,,24707,1408.621047,1557.40424,12599.0185,1445.891398,6076.663774,636.0500049,982.3510376,,25970746,4765340,5869430,6011961,2470304,4825328,1700408,2759891,1/13/2022,1567,223,122,1912,,8334,1542,723,10599,,1989572,1498062,486733,3974367,2818,0.131142964
4/27/2021,179,178,2207,214,1368,116,102,160,4524,4524,33778,99,26,1,50,8,0,886,152,57,54,5,1,1267,75,21,53,29,0,464,20,4,,185.5627864,184.5261228,2287.91659,221.8460128,1418.15582,120.2529789,105.7396884,,28928,1572.183833,1736.930363,14724.93509,1616.737411,7448.819594,743.3029838,1084.090726,,25966222,4765161,5869252,6009754,2470090,4823960,1700292,2759789,1/14/2022,1602,240,124,1966,,9775,1754,835,12364,,1987970,1497822,484767,3970559,2288,0.092605335
4/28/2021,242,291,2335,344,1133,169,260,123,4897,4897,38675,115,32,3,46,8,0,997,138,64,127,5,1,590,83,22,60,29,4,429,22,4,,248.235023,298.4974864,2395.160243,352.863008,1162.191244,173.3542103,266.6987851,,33522,1798.418856,2030.427849,16958.09533,1918.600419,8565.010839,903.6571941,1346.789511,,25961325,4764919,5868961,6007419,2469746,4822827,1700123,2759529,1/15/2022,1464,351,232,2047,,11066,2044,1047,14157,,1986506,1497471,482720,3966697,3101,0.107197179
4/29/2021,280,326,1883,212,1451,179,500,97,4928,4928,43603,144,36,6,51,10,0,1104,156,67,257,5,1,1048,87,21,71,23,5,526,20,7,,285.6220244,332.5456427,1920.808114,216.2566756,1480.134134,182.5940799,510.0393293,,37891,2047.976365,2313.384782,18614.05466,2094.284514,9907.649005,1079.489177,1833.161502,,25956397,4764639,5868635,6005536,2469534,4821376,1699944,2759029,1/16/2022,1127,252,182,1561,,12048,2253,1221,15522,,1985379,1497219,481159,3963757,2529,0.075442993
4/30/2021,324,309,3259,81,1411,136,137,70,5727,5727,49330,185,40,6,66,9,2,1063,144,72,68,5,1,611,84,20,108,27,7,577,22,7,,328.0091922,312.8235814,3299.327028,82.00229804,1428.459784,137.6828708,138.6952448,,43101,2326.533383,2556.525755,21671.74038,2133.578116,11270.92183,1201.437265,1939.263268,,25950670,4764315,5868326,6002277,2469453,4819965,1699808,2758892,1/17/2022,2404,419,133,2956,,14166,2629,1335,18130,,1982975,1496800,478203,3957978,3020,0.079702304
1/5/2021,180,282,3022,418,1430,155,219,57,5763,5763,55093,166,46,10,90,24,2,1229,196,63,107,5,1,753,77,19,109,31,7,656,22,8,,181.7981073,284.8170347,3052.188223,422.1756046,1444.284963,156.5483701,221.1876972,,48330,2482.176388,2811.9183,24499.43064,2482.737394,12570.26394,1336.189717,2146.283618,,25944907,4764135,5868044,5999255,2469035,4818535,1699653,2758673,1/18/2022,1932,355,208,2495,,15786,2910,1534,20230,,1981043,1496445,475708,3953196,3301,0.07658755
2/5/2021,437,603,4120,152,1249,225,351,74,7211,7211,62304,282,54,14,97,24,2,1486,154,77,107,5,1,772,77,21,113,33,7,673,30,9,,441.5310354,609.2522068,4162.718229,153.5760123,1261.950259,227.332913,354.6393443,,54641,2877.415558,3365.189645,28247.67519,2569.566995,13575.9941,1551.680525,2452.477987,,25937696,4763698,5867441,5995135,2468883,4817286,1699428,2758322,1/19/2022,2744,550,301,3595,,18204,3396,1791,23391,,1978299,1495895,472113,3946307,3734,0.077260501
3/5/2021,587,327,4132,528,1518,42,254,60,7448,7448,69752,304,89,16,135,24,2,1824,320,88,156,5,1,763,78,18,113,32,7,574,30,10,,591.76719,329.6556578,4165.55712,532.2880347,1530.3281,42.34109367,256.0628045,,61246,3434.057748,3594.958585,31934.65418,3071.120655,14986.67767,1558.896619,2664.634541,,25930248,4763111,5867114,5991003,2468355,4815768,1699386,2758068,1/20/2022,2922,522,222,3666,,20621,3821,1981,26423,,1975377,1495373,468447,3939197,3926,0.071850808
4/5/2021,607,436,4578,418,1009,213,326,73,7660,7660,77412,311,93,18,138,24,2,1893,325,124,179,44,2,769,69,16,345,32,7,643,29,10,,612.8403849,440.1950705,4622.04824,422.0218795,1018.708317,215.0494267,329.1366812,,67810,3982.109955,3959.567448,36043.79602,3402.439086,15711.67958,1740.472154,2968.935754,,25922588,4762504,5866678,5986425,2467937,4814759,1699173,2757742,1/21/2022,2779,601,513,3893,,22850,4317,2459,29626,,1972598,1494772,464554,3931924,4415,0.07208634
5/5/2021,658,498,4519,493,1830,202,405,54,8659,8659,86071,249,99,20,186,24,2,1660,301,88,192,44,2,1337,76,23,411,33,10,729,23,11,,662.1292272,501.1251598,4547.358629,496.0937827,1841.484021,203.2676351,407.5415456,,75188,4577.422556,4377.171826,39868.69988,3809.792038,17340.18561,1935.38771,3278.340381,,25913929,4761846,5866180,5981906,2467444,4812929,1698971,2757337,1/22/2022,2849,518,458,3825,,24913,4654,2833,32400,,1969749,1494254,460729,3924732,4885,0.072039522
6/5/2021,612,473,4519,610,2165,280,311,100,9070,9070,95141,403,107,17,193,24,2,1911,349,125,227,38,13,1451,77,20,276,33,12,854,24,12,,618.8227425,478.2731327,4569.379041,616.8004459,2189.136009,283.1215162,314.4671126,,82522,5081.69221,4752.347178,43631.00034,4368.274547,18986.75653,2190.39165,3510.537547,,25904859,4761234,5865707,5977387,2466834,4810764,1698691,2757026,1/23/2022,3163,567,242,3972,,27089,5115,2994,35198,,1966586,1493687,456757,3917030,5502,0.073176571
7/5/2021,715,433,4994,799,1622,54,406,173,9196,9196,104337,458,104,19,193,46,12,2258,379,139,513,63,14,1283,74,22,303,33,12,852,29,13,,728.7088551,441.302006,5089.751081,814.319406,1653.098969,55.0353541,413.7843289,,89367,5697.087101,5014.676661,47505.00908,4985.618277,20102.93793,2167.060338,3893.610615,,25895663,4760519,5865274,5972393,2466035,4809142,1698637,2756620,1/24/2022,3089,643,374,4106,,29418,5652,3294,38364,,1963497,1493044,452651,3909192,5145,0.06234701
8/5/2021,768,396,3774,385,1985,757,222,131,8418,8418,112755,516,104,20,367,63,35,1682,386,120,212,61,13,1488,82,20,272,33,10,938,29,13,,780.140461,402.2599252,3833.658984,391.0860384,2016.378665,768.9665742,225.509352,,95357,6293.459274,5286.5535,50026.62408,5298.679791,21538.23922,2912.414227,4000.029904,,25887245,4759751,5864878,5968619,2465650,4807157,1697880,2756398,1/25/2022,2270,462,381,3113,,31044,5973,3588,40605,,1961227,1492582,449538,3903347,6362,0.071189589
9/5/2021,541,429,4966,641,1225,277,698,73,8850,8850,121605,557,113,17,367,60,37,2318,443,157,131,61,13,2067,86,21,327,33,11,963,36,11,,545.4996012,432.5680757,5007.303179,646.3313205,1235.188561,279.3038624,703.8054005,,101648,6727.152832,5555.069717,53933.63041,5827.980487,21953.16849,3068.417967,4581.580098,,25878395,4759210,5864449,5963653,2465009,4805932,1697603,2755700,1/26/2022,3161,533,504,4198,,33073,6236,3996,43305,,1958066,1492049,445340,3895455,6379,0.06689598
10/5/2021,815,553,4520,773,1557,56,853,144,9271,9271,130876,581,117,17,387,60,37,2347,502,192,93,76,11,2005,86,16,312,33,11,990,36,11,,827.8585516,561.7248822,4591.313685,785.1959023,1581.565356,56.88353238,866.4580914,,108300,7473.891915,5981.946651,57400.86002,6497.291434,22564.46072,3076.840517,5303.708744,,25869124,4758395,5863896,5959133,2464236,4804375,1697547,2754847,1/27/2022,2775,505,327,3607,,34281,6518,4201,45000,,1955291,1491544,441733,3888568,6748,0.066385959
11/5/2021,862,440,4655,643,1878,429,410,166,9483,9483,140359,581,127,29,414,60,37,2894,529,184,119,82,11,1635,160,13,346,102,8,1105,24,8,,877.3581625,447.8394333,4737.937641,654.4562627,1911.460127,436.6434475,417.3049265,,114661,8167.964693,6256.797632,60506.73399,6963.313846,23734.54176,3355.94091,5675.707171,,25859641,4757533,5863456,5954478,2463593,4802497,1697118,2754437,1/28/2022,2788,602,537,3927,,35467,6880,4614,46961,,1952503,1490942,437806,3881251,6815,0.062927054
12/5/2021,891,342,4636,520,1640,328,881,67,9305,9305,149664,680,162,38,498,180,41,2499,502,164,157,87,15,1779,163,6,377,101,8,1301,46,13,,897.462113,344.480407,4669.623295,523.7713791,1651.894349,330.3788699,887.3895865,,120410,8813.345458,6401.885825,62952.04932,7331.084063,24824.41868,3668.756735,6418.459919,,25850336,4756642,5863114,5949842,2463073,4800857,1696790,2753556,1/29/2022,3250,448,226,3924,,37253,6977,4608,48838,,1949253,1490494,433882,3873629,8390,0.073172221
5/13/2021,883,613,4334,540,1300,425,747,118,8960,8960,158624,738,180,53,498,179,53,3247,638,231,200,80,18,2479,136,13,380,110,8,1286,50,14,,894.7839855,621.1807283,4391.83895,547.2065144,1317.349016,430.6717937,756.9690115,,124846,9522.566657,6838.540431,65055.97168,7656.444565,24723.61187,3979.17555,7069.689242,,25841376,4755759,5862501,5945508,2462533,4799557,1696365,2752809,1/30/2022,2733,481,348,3562,,38859,7206,4774,50839,,1946520,1490013,430320,3866853,7995,0.06639814
5/14/2021,905,499,4307,630,1134,472,520,53,8520,8520,167144,824,190,55,525,189,40,3104,542,220,163,92,53,2205,164,16,386,108,6,1260,49,15,,910.6649345,502.1235384,4333.96008,633.9435455,1141.098382,474.9545293,523.25499,,128469,10184.99657,7042.166483,66994.77152,7937.525102,24702.51901,4280.775869,7326.245447,,25832856,4754854,5862002,5941201,2461903,4798423,1695893,2752289,1/31/2022,2458,556,335,3349,,38913,7343,4976,51232,,1944062,1489457,426971,3860490,7452,0.059689538
5/15/2021,695,474,3474,586,1785,290,742,121,8167,8167,175311,826,192,54,533,199,48,3137,554,219,246,98,20,1279,140,11,515,101,8,1433,48,10,,705.4517773,481.1282625,3526.243848,594.8125777,1811.843773,294.3611733,753.1585881,,131708,10604.82632,7190.749102,68600.20725,8316.081004,25034.22865,4392.542962,7569.364706,,25824689,4754159,5861528,5937727,2461317,4796638,1695603,2751547,1/2/2022,2146,444,347,2937,,39127,7432,5115,51674,,1941916,1489013,424034,3854963,7393,0.057546957
5/16/2021,740,596,3457,293,1182,413,635,52,7368,7368,182679,782,176,47,447,188,48,3230,584,230,113,98,20,1311,122,15,459,96,8,1466,49,12,,745.2597048,600.2361946,3481.57135,295.0825588,1190.401312,415.9354839,639.5133953,,133349,11022.07683,7478.161716,68782.45157,8529.161265,24796.17018,4670.795575,8070.182856,,25817321,4753419,5860932,5934270,2461024,4795456,1695190,2750912,2/2/2022,1881,436,292,2609,,38264,7318,5106,50688,,1940035,1488577,421425,3850037,6536,0.049624928
5/17/2021,1219,724,3622,795,1448,337,1053,49,9247,9247,191926,775,174,52,447,207,57,2144,529,223,194,116,33,1435,133,18,441,81,8,1534,39,9,,1225.493912,727.8569254,3641.295282,799.2351598,1455.713851,338.7952816,1058.609589,,136833,12065.77264,7921.201606,69371.55863,8906.22082,24807.59907,4853.042487,8907.604748,,25808074,4752200,5860208,5930648,2460229,4794008,1694853,2749859,3/2/2022,2346,454,298,3098,,37688,7250,5182,50120,,1937689,1488123,418327,3844139,6939,0.052036386
5/18/2021,1234,515,3921,650,1042,458,316,67,8203,8203,200129,853,194,43,687,225,46,2468,791,224,260,113,24,1242,144,16,430,82,7,1507,41,10,,1244.161996,519.2410275,3953.289454,655.3527532,1050.580875,461.7716323,318.6022616,,137825,12868.4036,7831.190427,69162.12986,9407.997561,24596.22968,5087.481206,8871.567665,,25799871,4750966,5859693,5926727,2459579,4792966,1694395,2749543,4/2/2022,2049,365,221,2635,,36958,7014,4890,48862,,1935640,1487758,415692,3839090,7017,0.051281489
5/19/2021,1203,735,3263,647,1040,358,818,109,8173,8173,208302,886,208,26,810,212,55,2360,801,235,271,133,34,1174,153,15,397,68,8,1549,43,8,,1219.260789,744.9348958,3307.105531,655.7454117,1054.05754,362.8390377,829.0567956,,138550,13495.8972,8246.469665,68303.67827,9531.454938,24119.95912,5407.97915,9444.561656,,25791698,4749763,5858958,5923464,2458932,4791926,1694037,2748725,5/2/2022,1988,270,228,2486,,36097,6766,4660,47523,,1933652,1487488,413206,3834346,7443,0.054003265
5/20/2021,877,534,3737,353,1666,491,630,78,8366,8366,216668,866,191,56,811,225,51,2494,940,314,260,133,36,1398,153,15,391,68,8,1594,47,12,,885.2536197,539.0255792,3772.169643,356.3221525,1681.679054,495.6208977,635.9290541,,139256,13768.31043,8345.300174,67453.79967,9465.755211,24782.92986,5688.550621,9751.354029,,25783332,4748886,5858424,5919727,2458579,4790260,1693546,2748095,6/2/2022,2600,403,229,3232,,35534,6602,4647,46783,,1931052,1487085,409974,3828111,7194,0.051923493
5/21/2021,1258,485,3703,755,1096,270,840,200,8607,8607,225275,1011,211,81,804,209,51,2469,907,312,279,142,33,1394,146,16,359,59,8,1382,42,10,,1287.927441,496.538004,3791.093256,772.9612228,1122.07351,276.4232187,859.9833472,,139204,14394.10865,8340.713018,66697.5343,9742.622651,24063.51935,5761.706205,10203.79583,,25774725,4747628,5857939,5916024,2457824,4789164,1693276,2747255,7/2/2022,1752,400,295,2447,,34197,6359,4568,45124,,1929300,1486685,407527,3823512,7304,0.052450164
5/22/2021,1104,574,3873,369,1032,616,1023,389,8980,8980,234255,1033,222,92,774,191,56,2443,922,311,210,143,32,1511,172,17,367,37,8,1355,45,7,,1153.989058,599.9906879,4048.369224,385.7082994,1078.728902,643.8924456,1069.321383,,139114,14929.27496,8462.430573,66176.52448,9511.530505,22953.11224,6122.477134,10958.6501,,25765745,4746524,5857365,5912151,2457455,4788132,1692660,2746232,8/2/2022,1811,328,179,2318,,33738,6225,4366,44329,,1927489,1486357,405209,3819055,7052,0.050659464
5/23/2021,770,529,3461,913,1300,356,269,316,7914,7914,242169,940,255,58,762,197,51,2288,869,308,209,144,27,1430,155,21,390,59,8,1330,42,11,,802.0242169,551.0010529,3604.942616,950.9715715,1354.06686,370.8060016,280.187681,,137832,15002.59032,8572.12962,64691.71602,9648.18267,22654.08013,6438.247782,10825.05345,,25757831,4745754,5856836,5908690,2456542,4786832,1692304,2745963,9/2/2022,1761,694,366,2821,,32338,6386,4228,42952,,1925728,1485663,402388,3813779,7005,0.050354386
5/24/2021,822,526,3829,905,702,152,284,205,7425,7425,249594,936,234,41,748,192,47,2392,859,307,215,151,30,1374,161,23,375,59,8,1336,41,11,,845.3393352,540.934903,3937.718144,930.6959834,721.932133,156.3157895,292.0637119,,136839,15067.7892,8710.804598,64795.77518,10187.79262,21359.6336,5825.596997,10891.60781,,25750406,4744932,5856310,5904861,2455637,4786130,1692152,2745679,10/2/2022,1806,681,298,2785,,31369,6562,4199,42130,,1923922,1484982,399603,3808507,8459,0.061371815
5/25/2021,1069,510,4030,1152,697,232,697,249,8636,8636,258230,936,210,53,705,186,38,3102,849,279,748,156,34,1411,180,22,347,55,7,1557,36,14,,1100.737332,525.1412901,4149.645881,1186.201502,717.6930965,238.8878026,717.6930965,,136625,15623.02693,8803.377812,63938.11788,10727.6628,20842.13814,5785.180937,10905.49551,,25741770,4743863,5855800,5900831,2454485,4785433,1691920,2744982,11/2/2022,1863,427,323,2613,,30444,6387,3985,40816,,1922059,1484555,396990,3803604,8079,0.059040186
5/26/2021,869,481,2579,1159,1074,239,276,37,6714,6714,264944,940,214,48,692,187,35,3087,845,279,901,156,34,1324,171,19,374,55,7,1139,43,12,,873.815486,483.6654186,2593.291298,1165.422495,1079.951475,240.3243972,277.5294294,,134068,15668.98386,8725.318349,61940.09549,11107.88939,20340.52426,5968.621802,10316.56685,,25735056,4742994,5855319,5898252,2453326,4784359,1691681,2744706,12/2/2022,1139,241,113,1493,,28333,6180,3872,38385,,1920920,1484314,395497,3800731,7491,0.054828911
5/27/2021,877,513,3579,653,586,212,311,208,6939,6939,271883,936,210,53,734,188,42,2913,807,287,427,156,34,1288,184,20,363,55,7,1189,45,14,,904.1008765,528.8526222,3689.597534,673.1788739,604.1084534,218.5511811,320.6104591,,131524,15695.72658,8806.331538,60891.75539,11126.612,19033.17258,5750.529536,10219.87238,,25728117,4742117,5854806,5894673,2452673,4783773,1691469,2744395,2/13/2022,1738,364,265,2367,,27338,6063,3789,37190,,1919182,1483950,393130,3796262,7570,0.056463884
5/28/2021,872,460,3630,535,890,101,367,96,6951,6951,278834,936,210,53,683,177,36,2868,775,289,693,176,36,1193,190,19,380,51,5,1197,48,12,,884.2118162,466.4420131,3680.835886,542.4923414,902.463895,102.414442,372.1396061,,129170,15682.47628,8928.293144,59902.96798,11145.33296,18283.74213,5522.565108,9704.622399,,25721166,4741245,5854346,5891043,2452138,4782883,1691368,2744028,2/14/2022,1796,315,231,2342,,26676,5822,3685,36183,,1917386,1483635,390788,3791809,7374,0.056065813
5/29/2021,724,316,1912,509,494,105,251,176,4487,4487,283321,951,233,58,674,157,40,2838,775,293,690,174,36,1141,174,19,420,50,2,1095,51,9,,753.5578752,328.9009511,1990.058919,529.7803294,514.1679425,109.2867084,261.2472744,,124697,15541.25017,8636.013367,57501.18795,11127.90678,17480.56105,5201.180022,9208.900662,,25716679,4740521,5854030,5889131,2451629,4782389,1691263,2743777,2/15/2022,867,199,105,1171,,25397,5577,3443,34417,,1916519,1483436,389617,3789572,7199,0.055732755
5/30/2021,786,272,1440,401,344,137,322,667,4369,4369,287690,943,237,48,610,144,32,2800,720,258,542,166,31,1160,183,21,372,50,5,1136,45,12,,927.6158833,321.0070232,1699.448947,473.2493247,405.9794706,161.6836845,380.0156672,,120546,15558.20112,8454.896851,54866.67681,10967.21256,16745.44214,4887.909177,9065.661339,,25712310,4739735,5853758,5887691,2451228,4782045,1691126,2743455,2/16/2022,804,89,113,1006,,24320,5230,3264,32814,,1915715,1483347,388611,3787673,6997,0.056112016
5/31/2021,709,313,2079,301,292,144,392,584,4762,4814,292452,899,227,63,568,126,28,2829,744,265,498,152,31,1124,152,23,385,51,5,1035,40,9,,806.8855792,356.2132388,2366.029787,342.5565012,332.313948,163.8808511,446.1200946,,117141,15659.63492,8329.981828,53706.46275,10714.95648,15265.91232,4757.428855,8758.622846,,25707548,4739026,5853445,5885612,2450927,4781753,1690982,2743063,2/17/2022,890,252,121,1263,,22864,5028,3087,30979,,1914825,1483095,387348,3785268,6678,0.055397939
1/6/2021,873,482,2524,500,516,197,171,800,6085,6063,298537,936,234,60,531,120,30,2686,721,246,470,149,28,1133,172,24,370,53,6,959,42,10,,1005.699981,555.266198,2907.65951,576.0022801,594.434353,226.9448983,196.9927798,,115858,15920.0752,8285.011831,53132.55091,10995.8762,14669.94536,4568.43827,8316.10223,,25701463,4738153,5852963,5883088,2450427,4781237,1690785,2742892,2/18/2022,1060,283,215,1558,,21875,4946,3081,29902,,1913765,1482812,385790,3782367,6523,0.055685029
2/6/2021,721,379,2115,309,490,226,297,792,5316,5329,303853,909,232,63,505,112,28,2592,709,230,343,137,26,1106,169,20,366,47,7,1041,40,11,,846.8611417,445.1600176,2484.20432,362.9404893,575.5366983,265.45162,348.845713,,111927,15541.44243,8002.314923,51975.45995,10559.58153,13789.76821,4495.094608,7606.338354,,25696147,4737432,5852584,5880973,2450118,4780747,1690559,2742595,2/19/2022,969,306,181,1456,,20856,4982,3034,28872,,1912796,1482506,384334,3779636,6463,0.055783804
3/6/2021,559,349,2886,1356,357,149,169,1000,6825,6825,310678,1005,221,57,444,113,22,2571,726,256,808,139,23,1078,169,25,371,46,5,653,30,10,,654.9656652,408.9141631,3381.450644,1588.7897,418.2875536,174.5793991,198.0128755,,110549,14952.2461,7891.988059,51403.62114,11493.01848,13157.47488,4207.902375,7485.748968,,25689322,4736873,5852235,5878087,2448762,4780390,1690410,2742426,2/20/2022,1630,298,129,2057,,19886,4877,2934,27697,,1911166,1482208,382277,3775651,6428,0.057430289
4/6/2021,862,411,2047,577,381,144,202,2029,6653,6653,317331,1005,212,52,433,112,27,2542,716,252,704,144,33,1031,158,24,379,48,5,713,32,11,,1240.243512,591.3458045,2945.218642,830.1862024,548.1818772,207.1868512,290.6371107,,109029,14973.22882,7738.398967,51041.73425,11667.45927,12651.59922,4052.250189,6947.329283,,25682669,4736011,5851824,5876040,2448185,4780009,1690266,2742224,2/21/2022,897,299,188,1384,,19031,4776,2827,26634,,1910269,1481909,380893,3773071,6305,0.057033533
5/6/2021,695,344,1338,292,381,290,200,1502,5042,5042,322373,1005,213,52,387,107,23,2614,755,243,575,138,25,1011,156,23,355,50,6,713,32,9,,989.8841808,489.9570621,1905.705085,415.8937853,542.6559322,413.0451977,284.8587571,,105705,15077.85938,7689.33045,49175.26969,11727.0309,11512.5761,3969.674489,6596.258986,,25677627,4735316,5851480,5874702,2447893,4779628,1689976,2742024,2/22/2022,723,141,73,937,,17943,4589,2721,25253,,1909546,1481768,379956,3771270,6181,0.056691339
6/6/2021,431,281,1640,154,319,110,89,455,3479,3479,325852,1005,201,45,345,92,21,2630,794,258,575,138,28,972,147,17,333,39,5,654,31,7,,495.849537,323.2800926,1886.759259,177.1712963,366.9976852,126.5509259,102.3912037,,100577,14285.78148,7516.072539,47270.9357,11131.24098,10757.50028,3819.802196,5838.666843,,25674148,4734885,5851199,5873062,2447739,4779309,1689866,2741935,2/23/2022,731,254,146,1131,,16913,4149,2501,23563,,1908815,1481514,378825,3769154,7009,0.066307176
7/6/2021,510,210,1738,381,326,144,61,1102,4472,4472,330324,849,197,35,371,90,22,2559,771,266,1461,128,36,993,172,23,327,47,10,620,29,5,,676.7715134,278.6706231,2306.331157,505.5881306,432.6029674,191.0884273,80.94718101,,96069,13808.56393,7194.752474,45528.89763,11251.12081,10111.37434,3366.998178,4850.292641,,25669676,4734375,5850989,5871324,2447358,4778983,1689722,2741874,2/24/2022,790,190,135,1115,,15897,3658,2338,21893,,1908025,1481324,377710,3767059,5913,0.058790777
8/6/2021,733,290,1765,421,325,128,208,1283,5153,5153,335477,801,202,34,280,72,21,2510,738,254,764,114,28,918,137,19,321,34,9,592,24,7,,976.0074935,386.1421189,2350.140827,560.5718346,432.745478,170.4351421,276.9571059,,93308,13982.54721,7029.89354,44274.09584,10860.72107,9190.052959,3166.627318,4847.062066,,25664523,4733642,5850699,5869559,2446937,4778658,1689594,2741666,2/25/2022,836,269,121,1226,,14870,3500,2136,20506,,1907189,1481055,376484,3764728,5569,0.057968752
9/6/2021,646,259,1392,426,315,204,247,895,4344,4384,339821,825,202,49,312,67,18,2468,724,247,525,114,27,909,138,19,305,37,8,554,30,7,,811.7122385,325.4388077,1749.076526,535.27773,395.8039553,256.3301806,310.3605618,,90227,13948.92011,6814.397445,42085.45422,10465.30282,8863.924781,3266.641709,4865.358916,,25660179,4732996,5850440,5868167,2446511,4778343,1689390,2741419,2/26/2022,679,151,85,915,,14410,3410,2108,19928,,1906510,1480904,375569,3762983,5412,0.058001458
10/6/2021,658,170,1241,351,251,109,119,875,3749,3774,343570,770,188,55,267,60,15,2367,724,247,519,108,29,903,125,19,323,36,8,531,20,9,,856.6029665,221.3107968,1615.568817,456.941704,326.7588824,141.8992756,154.9175578,,85340,13704.78575,6510.566951,39551.37716,9736.043018,8472.990567,3169.653182,4302.583377,,25656430,4732338,5850270,5866926,2446160,4778092,1689281,2741300,2/27/2022,540,125,99,764,,13212,3171,1942,18325,,1905970,1480779,374805,3761554,5236,0.05803141
11/6/2021,318,106,1548,259,193,189,104,1041,3750,3758,347320,790,196,54,289,58,14,2295,687,241,551,89,27,831,116,18,333,22,4,500,21,8,,439.8395289,146.6131763,2141.105631,358.2340817,266.9466323,261.4140596,143.84689,,82376,13270.80979,6173.514709,39099.19149,8928.854604,7659.985724,3190.742845,4168.900838,,25652680,4732020,5850164,5865378,2445901,4777899,1689092,2741196,2/28/2022,921,163,56,1140,,12337,3019,1767,17123,,1905049,1480616,373665,3759330,4998,0.058565737
12/6/2021,521,162,989,287,227,83,114,1002,3384,3385,350704,802,197,55,276,50,12,2294,725,249,491,94,25,669,104,18,338,20,8,478,16,6,,740.0692405,230.117499,1404.853126,407.6772975,322.4485942,117.8997063,161.9345363,,78821,13106.77815,5874.779586,36814.44708,8663.353028,7378.325865,3090.09137,4010.224915,,25649296,4731499,5850002,5864389,2445614,4777672,1689009,2741082,1/3/2022,391,130,77,598,,11861,2950,1739,16550,,1904658,1480486,373067,3758211,4895,0.059422647
6/13/2021,165,137,900,302,122,24,44,713,2407,2407,353111,753,162,50,270,50,10,2224,673,233,480,85,20,663,91,20,365,20,8,456,19,6,,234.4480519,194.662928,1278.807556,429.1109799,173.3494687,34.10153483,62.51948052,,74277,12457.01439,5603.000501,34412.41875,8549.971667,6649.211439,3021.778463,3700.604789,,25646889,4731334,5849865,5863489,2445312,4777550,1688985,2741038,2/3/2022,483,112,58,653,,11540,2973,1684,16197,,1904175,1480374,372414,3756963,4362,0.055340582
6/14/2021,468,110,1062,185,152,33,42,869,2918,2921,356029,710,163,59,250,47,10,1908,574,205,445,84,18,644,80,15,363,19,9,362,28,8,,666.1929825,156.5838207,1511.745614,263.3455166,216.3703704,46.9751462,59.78654971,,72708,12369.6495,5430.68337,33934.10545,8283.536854,6351.413867,2959.4669,3499.144065,,25643971,4730866,5849755,5862427,2445127,4777398,1688952,2740996,3/3/2022,396,145,66,607,,11046,2866,1629,15541,,1903779,1480229,371807,3755815,4054,0.05457948
6/15/2021,234,81,835,257,145,92,36,1064,2745,2744,358774,719,193,53,251,48,7,1791,535,175,425,78,19,590,71,15,326,19,9,287,23,7,,382.2,132.3,1363.833333,419.7666667,236.8333333,150.2666667,58.8,,71084,11824.23361,5241.976347,33598.48983,8230.054196,6182.267729,2948.049883,3177.928397,,25641226,4730632,5849674,5861592,2444870,4777253,1688860,2740960,4/3/2022,455,74,16,545,,10441,2657,1430,14528,,1903324,1480155,371262,3754741,4085,0.056183639
6/16/2021,602,177,891,147,144,6,47,814,2828,2828,361602,626,146,49,223,40,6,1731,528,178,552,74,15,586,69,17,319,19,7,274,26,7,,845.3108242,248.5382324,1251.116187,206.4131082,202.2005958,8.425024826,65.99602781,,69150,11862.65886,5134.301341,32483.57623,8093.910803,6052.154377,2792.594056,2797.804331,,25638398,4730030,5849497,5860701,2444723,4777109,1688854,2740913,5/3/2022,354,66,24,444,,9826,2417,1273,13516,,1902970,1480089,370818,3753877,3866,0.05438636
6/17/2021,340,100,794,387,80,39,31,839,2607,2610,364209,639,169,35,228,36,4,1634,520,164,516,74,17,564,69,14,315,19,7,298,29,8,,501.0728402,147.3743648,1170.152456,570.3387916,117.8994918,57.47600226,45.68605308,,65672,11358.03172,4726.409508,30746.06918,8088.247314,5575.619516,2623.12516,2646.497604,,25635791,4729690,5849397,5859907,2444336,4777029,1688815,2740882,6/3/2022,413,121,36,570,,8609,2240,1180,12029,,1902557,1479968,370248,3752773,4010,0.057989877
6/18/2021,347,112,765,546,104,57,32,805,2768,2768,366977,568,150,47,213,36,1,1551,490,154,772,75,18,540,78,18,310,17,2,295,26,6,,489.3000509,157.9296994,1078.716251,769.9072848,146.6490066,80.37493632,45.12277127,,63124,11000.47063,4439.179189,29340.58111,8495.21411,5146.731824,2438.048477,2342.774662,,25633023,4729343,5849285,5859142,2443790,4776925,1688758,2740850,7/3/2022,394,60,54,508,,8106,2001,1046,11153,,1902163,1479908,369740,3751811,3622,0.055152881
6/19/2021,370,118,659,419,69,25,28,713,2401,2401,369378,550,150,47,190,37,2,1525,481,162,521,78,19,537,82,20,281,21,2,281,25,6,,526.285545,167.8424171,937.3572275,595.9828199,98.14514218,35.55983412,39.82701422,,58700,10871.79051,4198.107443,26896.4877,7502.40723,4826.589413,2299.028912,2184.588801,,25630622,4728973,5849167,5858483,2443371,4776856,1688733,2740822,8/3/2022,201,92,44,337,,7584,1952,1017,10553,,1901962,1479816,369403,3751181,3415,0.054099867
6/20/2021,134,55,710,379,66,52,28,1021,2442,2445,371820,550,152,49,185,37,2,1456,484,152,401,77,18,543,81,17,284,15,5,280,25,7,,230.0772472,94.43469101,1219.066011,650.7408708,113.3216292,89.28370787,48.0758427,,54489,9861.624241,3701.19633,25170.33506,7322.961899,4391.729165,2181.125768,1942.027533,,25628180,4728839,5849112,5857773,2442992,4776790,1688681,2740794,9/3/2022,450,73,25,548,,7303,1771,896,9970,,1901512,1479743,368855,3750110,3445,0.058688245
6/21/2021,433,69,602,402,59,11,8,713,2297,2297,374117,488,114,37,169,33,2,1445,472,154,540,84,21,506,69,12,253,15,3,235,24,8,,627.9046717,100.0587121,872.9760101,582.9507576,85.55744949,15.95138889,11.6010101,,51744,9499.644732,3311.29798,24137.60599,7490.018871,3934.630682,1784.031959,1668.769786,,25625883,4728406,5849043,5857171,2442590,4776731,1688670,2740786,10/3/2022,285,61,33,379,,6798,1642,794,9234,,1901227,1479682,368476,3749385,3026,0.055534145
6/22/2021,369,51,882,486,189,40,42,819,2878,2878,376995,488,116,38,146,35,3,1328,434,136,376,79,18,478,59,14,197,16,2,210,22,7,,515.7756192,71.28606119,1232.829529,679.3142302,264.1777562,55.91063623,58.70616804,,51143,9519.570814,3059.303948,23483.67626,7992.161805,3831.810753,1713.39167,1625.08475,,25623005,4728037,5848992,5856289,2442104,4776542,1688630,2740744,11/3/2022,310,99,67,476,,6272,1472,740,8484,,1900917,1479583,368000,3748500,3023,0.058422233
6/23/2021,504,58,707,109,70,45,18,910,2421,2421,379416,528,128,36,135,32,3,1308,417,136,456,74,20,449,53,13,171,15,1,187,15,4,,807.5340834,92.9305096,1132.790867,174.645268,112.1575116,72.10125745,28.84050298,,49092,9650.333384,2873.563835,22310.13597,7661.218942,3511.365298,1594.4045,1572.978072,,25620584,4727533,5848934,5855582,2441995,4776472,1688585,2740726,12/3/2022,346,94,57,497,,5939,1415,712,8066,,1900571,1479489,367503,3747563,2900,0.056703752
6/24/2021,397,95,716,218,116,17,18,897,2474,2474,381890,513,144,45,133,30,1,1244,405,129,392,77,16,445,51,12,168,17,1,158,11,3,,622.8142042,149.0361446,1123.26189,341.9987318,181.9809765,26.66962587,28.23842739,,46413,9297.140095,2636.457861,21083.25703,7442.645839,3260.600796,1450.638984,1324.259394,,25618110,4727136,5848839,5854866,2441777,4776356,1688568,2740708,3/13/2022,234,68,33,335,,5633,1358,646,7637,,1900337,1479421,367168,3746926,2698,0.054958038
6/25/2021,303,76,612,532,130,36,34,755,2476,2478,384366,528,114,28,126,26,1,1198,409,133,290,77,19,433,60,13,171,16,1,138,12,6,,435.7713291,109.3023796,880.1717934,765.116657,186.9645966,51.77481138,48.89843297,,44545,8921.199185,2420.321432,20214.3523,7672.484766,3051.761437,1246.083614,1062.797265,,25615634,4726833,5848763,5854254,2441245,4776226,1688532,2740674,3/14/2022,308,76,43,427,,5020,1271,633,6924,,1900029,1479345,366741,3746115,2619,0.056428156
6/26/2021,210,59,488,248,63,76,35,842,2016,2021,386382,542,145,42,101,24,1,1130,405,141,313,77,18,429,60,14,192,14,2,118,9,4,,359.9745547,101.1357082,836.5122986,425.1128075,107.9923664,130.2765055,59.99575912,,42812,8424.570774,2300.146344,19435.29578,7640.65587,2832.994921,1234.460844,967.8754661,,25613618,4726623,5848704,5853766,2440997,4776163,1688456,2740639,3/15/2022,181,43,25,249,,4810,1184,581,6575,,1899848,1479302,366492,3745642,2592,0.058188349
6/27/2021,337,42,661,176,68,51,19,567,1920,1921,388302,608,133,31,96,21,1,1072,395,137,330,78,15,425,57,10,189,12,2,127,10,4,,478.1218612,59.58788774,937.7998523,249.7016248,96.47562777,72.35672083,26.95642541,,40982,8462.853106,2213.121055,18231.99,7532.123413,2662.523917,1045.403505,850.9850016,,25611698,4726286,5848662,5853105,2440821,4776095,1688405,2740620,3/16/2022,292,100,32,424,,4619,1172,555,6346,,1899556,1479202,366068,3744826,2582,0.060310193
6/28/2021,437,59,767,169,46,25,12,935,2444,2450,390746,698,129,36,93,17,1,1072,369,129,290,66,13,412,54,9,203,13,2,107,9,3,,706.69967,95.41254125,1240.363036,273.30033,74.38943894,40.4290429,19.40594059,,40042,8429.483535,2078.416098,18067.49991,7397.746445,2414.464762,967.9328421,708.4564059,,25609254,4725849,5848603,5852338,2440652,4776049,1688380,2740608,3/17/2022,355,112,47,514,,4578,1139,536,6253,,1899201,1479090,365554,3743845,2653,0.064735738
6/29/2021,425,59,728,208,193,56,60,908,2636,2637,393382,803,125,37,84,19,1,1042,373,122,303,59,12,432,54,7,203,11,1,94,8,4,,648.1925969,89.98438404,1110.315789,317.2330827,294.3556969,85.40890688,91.50954309,,40271,8843.22808,1973.737554,17899.00815,7285.868548,2535.47099,1019.240214,737.4464685,,25606618,4725424,5848544,5851610,2440444,4775856,1688324,2740548,3/18/2022,302,100,56,458,,4425,1165,576,6166,,1898899,1478990,365096,3742985,2736,0.068328255
6/30/2021,541,45,796,320,115,26,47,1003,2892,2893,396274,870,126,37,74,10,1,1056,362,115,261,62,12,447,52,7,214,11,1,95,4,2,,828.1021164,68.88095238,1218.427513,489.8201058,176.0291005,39.7978836,71.94232804,,40245,9005.137214,1886.034685,17605.69004,7512.343137,2495.12972,1012.062952,749.6022468,,25603726,4724883,5848499,5850814,2440124,4775741,1688298,2740501,3/19/2022,436,89,47,572,,4507,1188,599,6294,,1898463,1478901,364524,3741888,2796,0.069429614
1/7/2021,649,45,644,356,113,41,12,903,2760,2763,399034,859,133,42,61,9,0,1021,354,109,321,69,17,428,51,9,209,10,1,95,3,3,,964.0790323,66.84677419,956.6516129,528.8322581,167.8596774,60.90483871,17.82580645,,40260,9587.016247,1820.58146,17198.50832,7621.408729,2426.156064,922.7011236,708.6280532,,25600966,4724234,5848454,5850170,2439768,4775628,1688257,2740489,3/20/2022,316,74,48,438,,4410,1141,611,6162,,1898147,1478827,364086,3741060,2710,0.067337557
2/7/2021,221,86,654,182,138,33,78,902,2299,2294,401333,870,138,39,57,7,0,1026,356,114,257,64,14,420,50,9,222,10,1,91,7,4,,364.2054598,141.7270115,1077.784483,299.933908,227.4224138,54.38362069,128.5431034,,39731,9105.910882,1713.770239,17025.17662,7714.929529,2451.377882,968.6597195,771.1751289,,25598667,4724013,5848368,5849516,2439586,4775490,1688224,2740411,3/21/2022,316,78,34,428,,4332,1159,591,6082,,1897831,1478749,363658,3740238,2793,0.069374069
3/7/2021,379,57,577,266,175,35,38,801,2328,2328,403661,895,136,39,50,7,0,1037,352,112,298,66,14,443,49,9,223,10,3,95,7,4,,577.8074656,86.89980354,879.6699411,405.5324165,266.7976424,53.35952849,57.93320236,,39452,9182.645508,1653.295677,16734.6941,7550.123153,2600.276033,964.5432457,783.4222782,,25596339,4723634,5848311,5848939,2439320,4775315,1688189,2740373,3/22/2022,246,81,49,376,,4377,1148,596,6121,,1897585,1478668,363282,3739535,2789,0.070197075
4/7/2021,253,21,563,135,42,13,14,561,1603,1602,405264,815,131,47,48,7,0,1070,344,106,234,65,13,460,48,11,242,9,1,82,4,3,,389.3429395,32.31700288,866.4034582,207.7521614,64.63400576,20.00576369,21.54466859,,38287,9082.688396,1527.682981,16522.38131,6987.96803,2518.261032,904.1740731,759.8441755,,25594736,4723381,5848290,5848376,2439185,4775273,1688176,2740359,3/23/2022,342,88,31,461,,4269,1163,602,6034,,1897243,1478580,362821,3738644,2559,0.064863632
5/7/2021,410,48,856,248,145,25,12,877,2622,2621,407886,747,113,45,44,5,0,1035,329,109,132,64,12,449,47,10,201,9,1,84,4,3,,616.1754587,72.13761468,1286.454128,372.7110092,217.915711,37.57167431,18.03440367,,38508,9172.57831,1431.978178,16871.47821,6764.696219,2638.031601,906.1859133,738.0515649,,25592114,4722971,5848242,5847520,2438937,4775128,1688151,2740347,,342,88,31,,,,,,,,,,,,2625,0.06856113
6/7/2021,487,52,771,217,115,57,23,916,2634,2638,410520,760,108,51,40,5,0,1037,323,97,264,64,8,460,51,10,221,12,1,77,4,4,,746.0545877,79.66085947,1181.125436,332.4308943,176.1730546,87.32055749,35.23461092,,38700,9688.55565,1417.204347,16833.53764,6446.386243,2700.883026,904.2227629,725.2103332,,25589480,4722484,5848190,5846749,2438720,4775013,1688094,2740324,,342,88,31,,,,,,,,,,,,2594,0.067362626
7/7/2021,455,35,969,371,141,41,68,902,2979,2982,413499,751,112,45,41,3,0,1013,328,94,255,62,9,444,49,8,203,13,1,81,4,4,,652.3125,50.17788462,1389.210577,531.8855769,202.1451923,58.77980769,97.48846154,,39382,9712.963479,1367.323519,17349.7722,6395.321062,2817.470769,947.0511817,811.0977846,,25586501,4722029,5848155,5845780,2438349,4774872,1688053,2740256,,342,88,31,,,,,,,,,,,,2587,0.066847545
8/7/2021,221,15,595,183,130,35,42,657,1875,1878,415374,727,116,39,34,3,0,1054,338,94,252,55,10,407,45,8,194,11,2,89,4,4,,339.9164619,23.07125307,915.1597052,281.4692875,199.95086,53.83292383,64.5995086,,38379,9537.104321,1319.108711,17032.10238,5997.47612,2753.243873,944.9734693,816.9911252,,25584626,4721808,5848140,5845185,2438166,4774742,1688018,2740214,,342,88,31,,,,,,,,,,,,2520,0.063988624
9/7/2021,411,40,700,174,90,59,8,760,2239,2242,417613,679,108,42,36,3,0,1027,315,99,254,53,11,389,44,8,198,12,2,87,4,4,,621.7692308,60.51282051,1058.974359,263.2307692,136.1538462,89.25641026,12.1025641,,38197,9351.339469,1286.691022,16958.28587,6086.061621,2777.240207,962.1286221,800.2531863,,25582387,4721397,5848100,5844485,2437992,4774652,1687959,2740206,,342,88,31,,,,,,,,,,,,2667,0.069491128
10/7/2021,349,28,611,254,37,22,52,816,2169,2169,419782,758,102,33,34,4,1,1094,325,97,384,53,11,383,43,8,204,11,2,93,5,3,,559.4833703,44.88691796,979.4966741,407.1884701,59.31485588,35.26829268,83.36141907,,37892,9288.008635,1182.541796,16814.52066,6151.251359,2654.574087,970.7272889,855.376178,,25580218,4721048,5848072,5843874,2437738,4774615,1687937,2740154,,342,88,31,,,,,,,,,,,,2505,0.065581067
11/7/2021,202,19,599,208,98,20,91,594,1831,1831,421613,765,111,55,33,4,1,1070,323,96,175,53,11,384,46,8,190,11,2,85,5,2,,298.9991916,28.12368634,886.6362167,307.8803557,145.0590137,29.60388036,134.6976556,,37247,9151.236497,1101.363102,16820.98508,5694.015058,2612.668504,948.5563579,941.1754006,,25578387,4720846,5848053,5843275,2437530,4774517,1687917,2740063,,342,88,31,,,,,,,,,,,,2650,0.069935606
12/7/2021,447,48,718,286,155,12,24,680,2370,2370,423983,699,112,51,30,2,0,1113,319,89,280,56,11,384,46,8,181,11,2,78,3,2,,626.8579882,67.31360947,1006.899408,401.0769231,217.3668639,16.82840237,33.65680473,,37601,9418.119931,1067.541004,16991.37219,5669.979173,2722.043001,835.1082548,914.8364462,,25576017,4720399,5848005,5842557,2437244,4774362,1687905,2740039,,342,88,31,,,,,,,,,,,,2553,0.068542433
7/13/2021,352,39,825,231,66,54,72,759,2398,2398,426381,709,116,52,26,7,0,1141,336,108,225,66,10,370,42,7,159,12,2,92,7,3,,515.0067114,57.06040268,1207.04698,337.9731544,96.56375839,79.00671141,105.3422819,,38079,9455.004781,1065.013519,17260.61932,5758.250703,2722.131132,841.7582454,993.2223027,,25573619,4720047,5847966,5841732,2437013,4774296,1687851,2739967,,342,88,31,,,,,,,,,,,,2374,0.063136619
7/14/2021,508,44,746,451,164,68,29,895,2905,2905,429286,716,112,46,23,7,0,1132,346,102,154,66,11,270,49,7,167,13,3,86,6,3,,734.199005,63.5920398,1078.174129,651.818408,237.0248756,98.27860697,41.91293532,,38540,9482.504116,1033.193017,17098.43041,6136.768781,2884.766568,899.6078094,1015.729297,,25570714,4719539,5847922,5840986,2436562,4774132,1687783,2739938,,342,88,31,,,,,,,,,,,,2451,0.064366186
7/15/2021,302,23,934,345,114,29,35,894,2676,2676,431962,708,113,46,29,11,0,1127,347,101,218,64,9,280,49,9,171,13,3,81,5,3,,453.5084175,34.53872054,1402.572391,518.0808081,171.1919192,43.54882155,52.55892256,,38580,9287.819937,977.7473536,17390.68701,6337.616506,2761.602791,857.7477241,976.7786769,,25568038,4719237,5847899,5840052,2436217,4774018,1687754,2739903,,342,88,31,,,,,,,,,,,,2336,0.060612351
7/16/2021,753,57,740,218,103,51,84,930,2936,2936,434898,756,114,50,31,11,0,1132,323,103,98,59,7,276,50,9,169,16,2,91,5,3,,1102.097707,83.42572283,1083.070788,319.0667996,150.7517448,74.6440678,122.9431705,,38624,9561.815527,992.2921241,17255.33029,6166.8632,2736.325435,892.5939083,1027.779519,,25565102,4718484,5847842,5839312,2435999,4773915,1687703,2739819,,342,88,31,,,,,,,,,,,,2478,0.064230171
7/17/2021,338,21,677,206,54,9,5,565,1875,1875,436773,591,112,47,28,11,0,1120,330,108,212,59,7,270,48,8,162,17,3,92,6,3,,483.778626,30.05725191,968.9885496,294.8473282,77.29007634,12.88167939,7.15648855,,37739,9081.515121,955.5026018,17267.66722,5932.87827,2645.755834,844.570749,1017.110201,,25563227,4718146,5847821,5838635,2435793,4773861,1687694,2739814,,342,88,31,,,,,,,,,,,,2405,0.062266984
7/18/2021,185,42,592,257,87,21,39,578,1801,1801,438574,677,101,41,28,11,0,1146,327,105,270,51,7,269,49,7,160,15,2,101,7,3,,272.4325429,61.84955029,871.7841374,378.4603434,128.1169256,30.92477514,57.43172527,,37241,8989.742204,875.6251406,17061.66688,6011.404706,2546.450346,821.1119034,945.9988233,,25561426,4717961,5847779,5838043,2435536,4773774,1687673,2739775,,342,88,31,,,,,,,,,,,,2303,0.061024404
7/19/2021,463,49,712,268,93,8,49,803,2445,2445,441019,723,104,44,25,5,0,1102,329,93,136,86,8,269,49,7,154,15,1,94,6,2,,689.4244823,72.96285018,1060.194884,399.0621194,138.4805116,11.91230207,72.96285018,,37358,9101.359221,861.6881872,17242.19182,6004.934408,2418.133215,779.664677,961.0284711,,25558981,4717498,5847730,5837331,2435268,4773681,1687665,2739726,,342,88,31,,,,,,,,,,,,2454,0.065895116
7/20/2021,644,56,1039,265,107,30,61,921,3123,3123,444142,710,103,46,26,9,0,1126,340,101,224,67,12,268,53,9,144,15,1,87,5,3,,913.3569482,79.42234332,1473.56812,375.8378747,151.753406,42.54768392,86.51362398,,38878,9625.373229,908.7935277,17849.35648,6173.020122,2505.252615,802.2065972,1025.997426,,25555858,4716854,5847674,5836292,2435003,4773574,1687635,2739665,,342,88,31,,,,,,,,,,,,2354,0.063011939
7/21/2021,288,26,1009,336,154,43,61,920,2838,2837,446980,702,139,52,27,8,0,1128,340,99,139,70,11,267,52,5,146,13,1,83,5,3,,426.2159624,38.47782994,1493.235785,497.2519562,227.9071466,63.63641106,90.27490871,,39094,9435.413733,875.1337429,18056.13814,6297.561069,2515.244051,828.271334,1098.237932,,25553020,4716566,5847648,5835283,2434667,4773420,1687592,2739604,,342,88,31,,,,,,,,,,,,2611,0.067158804
7/22/2021,529,32,934,272,59,20,9,859,2714,2714,449694,714,115,54,28,6,0,1183,366,98,298,73,11,307,56,6,136,11,0,93,8,3,,773.9654987,46.81832884,1366.509973,397.9557951,86.3212938,29.26145553,13.16765499,,39174,9463.324644,842.2912123,18241.52268,6363.085969,2425.39229,770.212232,1076.170976,,25550306,4716037,5847616,5834349,2434395,4773361,1687572,2739595,,342,88,31,,,,,,,,,,,,2566,0.065636671
7/23/2021,547,48,920,340,107,3,17,995,2977,2977,452671,707,131,55,24,5,0,1272,396,95,145,78,15,316,53,6,119,11,1,95,8,3,,821.6039354,72.09687185,1381.85671,510.6861756,160.7159435,4.50605449,25.53430878,,39172,9632.616079,864.2101995,18234.16881,6341.886568,2383.963041,715.9384788,1004.216823,,25547329,4715490,5847568,5833429,2434055,4773254,1687569,2739578,,342,88,31,,,,,,,,,,,,2514,0.064175218
7/24/2021,399,55,1006,503,154,118,73,805,3114,3113,455785,736,97,47,25,5,0,1259,405,94,149,73,14,276,50,6,128,12,1,98,8,1,,538.1659445,74.18327556,1356.879549,678.4397747,207.7131716,159.1568458,98.46143847,,40411,9830.865562,915.322222,18675.88865,6738.857055,2391.725353,821.2624007,1038.078753,,25544215,4715091,5847513,5832423,2433552,4773100,1687451,2739505,,342,88,31,,,,,,,,,,,,2501,0.063846625
7/25/2021,394,66,695,232,107,26,19,698,2237,2237,458022,783,106,48,25,4,0,1258,408,94,95,82,15,270,43,7,132,14,1,117,9,3,,572.6952567,95.9337232,1010.211176,337.2215724,155.5289149,37.79207277,27.61728395,,40409,9781.791588,950.7431247,18627.12547,6812.847859,2411.100421,769.7980633,1053.593473,,25541978,4714697,5847447,5831728,2433320,4772993,1687425,2739486,,342,88,31,,,,,,,,,,,,2673,0.066145356
7/26/2021,613,41,1362,214,142,5,14,1030,3421,3421,461443,788,109,44,23,5,0,1261,418,93,226,75,17,268,42,8,133,13,1,112,7,3,,877.069427,58.66206608,1948.72522,306.1873693,203.1710581,7.153910498,20.03094939,,41661,10099.37764,964.5182728,19596.35402,6711.846758,2554.956624,741.6836811,990.2630029,,25538557,4714084,5847406,5830366,2433106,4772851,1687420,2739472,,342,88,31,,,,,,,,,,,,2777,0.068722314
7/27/2021,791,55,1227,455,104,28,66,1173,3899,3899,465342,791,106,46,28,1,0,1263,365,94,299,69,19,290,47,7,118,15,2,109,8,3,,1131.367938,78.66654439,1754.97909,650.7868672,148.7512839,40.0484226,94.39985326,,43729,10931.74639,1015.061131,20464.69689,7054.753269,2558.648894,752.1282233,949.9652005,,25534658,4713293,5847351,5829139,2432651,4772747,1687392,2739406,,342,88,31,,,,,,,,,,,,2642,0.063416625
7/28/2021,602,28,1241,582,118,20,43,1206,3840,3840,469182,829,110,48,22,2,0,1284,365,89,192,67,19,249,44,7,112,16,2,104,7,3,,877.6309795,40.82004556,1809.202733,848.4738041,172.0273349,29.1571754,62.68792711,,45199,11182.51938,988.567567,21267.00022,7502.15015,2513.309365,764.4569963,978.9963229,,25530818,4712691,5847323,5827898,2432069,4772629,1687372,2739363,,342,88,31,,,,,,,,,,,,2877,0.06579158
7/29/2021,566,41,1120,419,107,41,41,1030,3365,3365,472547,856,115,46,23,2,0,1349,381,86,332,70,17,247,45,4,141,16,4,97,7,3,,815.6702355,59.0856531,1614.047109,603.8265525,154.1991435,59.0856531,59.0856531,,46166,11483.18291,990.5928174,21674.00035,7768.003548,2570.94475,744.535938,932.7396941,,25527453,4712125,5847282,5826778,2431650,4772522,1687331,2739322,,342,88,31,,,,,,,,,,,,2938,0.065001438
7/30/2021,503,54,1105,507,165,93,37,1144,3611,3608,476158,897,123,52,20,2,0,1456,411,86,231,73,13,269,50,4,115,18,5,106,9,1,,736.5357143,79.07142857,1618.035714,742.3928571,241.6071429,136.1785714,54.17857143,,46872,11485.51962,1006.072206,22213.86193,7858.577998,2575.527017,782.4359025,945.0053302,,25523842,4711622,5847228,5825673,2431143,4772357,1687238,2739285,,342,88,31,,,,,,,,,,,,3013,0.06526448
7/31/2021,476,36,1159,409,152,34,14,826,3106,3106,479264,887,124,51,21,2,0,1460,422,90,258,73,13,273,54,5,98,20,3,104,11,4,,648.445614,49.04210526,1578.883333,557.172807,207.0666667,46.31754386,19.07192982,,47302,11680.45681,1020.575591,22390.17287,7897.669997,2611.401765,785.2046248,911.5183375,,25520736,4711146,5847192,5824514,2430734,4772205,1687204,2739271,,342,88,31,,,,,,,,,,,,3115,0.066457587
1/8/2021,523,37,995,262,95,58,11,587,2568,2568,481832,910,128,53,21,4,0,1496,390,94,326,71,10,283,55,6,97,16,3,102,13,3,,677.972741,47.96365472,1289.833417,339.634528,123.1499243,75.18626956,14.25946492,,46934,11256.33185,985.1135228,22596.9355,7918.237725,2583.799944,785.7468266,802.8346319,,25518168,4710623,5847155,5823519,2430472,4772110,1687146,2739260,,342,,31,,,,,,,,,,,,3111,0.065768889
2/8/2021,350,26,1299,402,141,6,55,846,3125,3125,484957,907,129,54,22,4,0,1494,399,96,303,71,10,281,58,8,116,16,3,101,13,4,,479.9254059,35.65160158,1781.208864,551.228609,193.3413778,8.227292672,75.4168495,,48184,11252.47863,990.7078724,23409.15582,8174.619006,2699.851245,781.0924399,871.0949929,,25515043,4710273,5847129,5822220,2430070,4771969,1687140,2739205,,342,,31,,,,,,,,,,,,2933,0.06249201
3/8/2021,543,54,1376,278,158,25,14,935,3383,3383,488340,906,125,50,22,4,0,1495,425,91,119,44,2,288,57,13,105,17,2,102,14,4,,750.3958333,74.625,1901.555556,384.1805556,218.3472222,34.54861111,19.34722222,,49766,11730.44192,1003.483322,24438.92723,8180.339218,2790.081542,784.7162758,833.0104898,,25511660,4709730,5847075,5820844,2429792,4771811,1687115,2739191,,342,,31,,,,,,,,,,,,3110,0.064544247
4/8/2021,582,22,1644,438,163,77,49,1132,4107,4107,492447,877,122,45,24,2,0,1570,447,92,222,56,0,284,58,13,113,17,2,104,12,4,,803.4534454,30.37109244,2269.548908,604.6608403,225.0221849,106.2988235,67.64470588,,51428,11844.47088,960.8915644,25648.28126,8385.937939,2876.623215,879.1027973,827.6923455,,25507553,4709148,5847053,5819200,2429354,4771648,1687038,2739142,,342,,31,,,,,,,,,,,,3210,0.064501869
5/8/2021,690,45,1667,362,149,51,43,931,3938,3938,496385,873,119,46,22,2,0,1653,456,90,253,57,0,292,56,14,108,12,2,113,11,6,,903.6315264,58.93249085,2183.121383,474.0791487,195.1320253,66.7901563,56.31326904,,52243,11834.74546,940.4017119,26357.83452,8484.179213,2920.001835,903.3452697,797.4919906,,25503615,4708458,5847008,5817533,2428992,4771499,1686987,2739099,,342,,31,,,,,,,,,,,,3398,0.066072956
6/8/2021,375,42,1066,639,167,62,79,1299,3729,3729,500114,873,120,43,21,2,0,1702,473,91,325,62,2,356,59,14,117,5,2,121,11,6,,575.462963,64.45185185,1635.849383,980.5888889,256.2728395,95.14320988,121.2308642,,53134,11983.99246,966.3757339,26500.44812,8967.516146,2948.367528,934.8520685,828.4479461,,25499886,4708083,5846966,5816467,2428353,4771332,1686925,2739020,,342,,31,,,,,,,,,,,,3300,0.063166357
7/8/2021,243,34,1203,528,99,93,31,987,3218,3218,503332,876,137,48,21,3,0,1633,479,97,324,58,2,341,55,16,102,5,2,108,9,4,,350.50381,49.04168534,1735.21022,761.5885253,142.7978485,134.1434334,44.71447781,,53638,11560.53077,968.5990904,26869.14837,9331.148876,3004.844082,1039.734046,859.9947689,,25496668,4707840,5846932,5815264,2427825,4771233,1686832,2738989,,342,,31,,,,,,,,,,,,3446,0.064854895
8/8/2021,413,11,1231,278,146,50,8,411,2548,2548,505880,846,141,52,21,3,0,1737,519,104,360,65,2,355,60,17,106,6,1,97,8,5,,492.4305101,13.11558259,1467.752925,331.4665419,174.0795508,59.61628451,9.538605522,,53209,11231.35734,909.6178011,26955.04458,9151.929242,3018.20769,1094.844276,843.9990656,,25494120,4707427,5846921,5814033,2427547,4771087,1686782,2738981,,342,,31,,,,,,,,,,,,3262,0.060815094
9/8/2021,343,57,1526,472,154,10,47,1042,3651,3651,509531,871,146,54,22,4,0,1634,458,109,334,66,2,329,52,13,94,6,1,97,9,7,,479.9896512,79.76504408,2135.464163,660.5105404,215.5055577,13.99386738,65.7711767,,53746,11173.18105,915.1995696,27733.62919,9134.000008,3026.000076,949.681298,811.3088039,,25490469,4707084,5846864,5812507,2427075,4770933,1686772,2738934,,342,,31,,,,,,,,,,,,3250,0.061079892
10/8/2021,653,35,1694,573,124,53,62,1710,4904,4904,514435,861,142,45,18,4,0,1686,485,109,235,64,2,349,52,12,100,6,1,91,8,7,,1002.602379,53.73825924,2600.931747,879.7720726,190.3869756,81.37507827,95.19348779,,56413,11603.08817,873.0041057,29324.34976,9676.550508,3060.858136,993.2643035,878.8850077,,25485565,4706431,5846829,5810813,2426502,4770809,1686719,2738872,,342,,31,,,,,,,,,,,,3150,0.058609013
11/8/2021,499,26,1253,510,240,41,47,865,3481,3481,517916,828,148,55,18,4,0,1692,502,108,199,68,1,308,59,12,103,8,2,72,7,6,,663.9980887,34.5970948,1667.313838,678.6353211,319.3577982,54.55695719,62.54090214,,56473,11390.01684,848.9391344,29042.93838,10048.99846,3177.044876,1040.66735,921.3949604,,25482084,4705932,5846803,5809560,2425992,4770569,1686678,2738825,,342,,31,,,,,,,,,,,,3225,0.057167674
12/8/2021,539,30,1475,210,126,39,54,787,3260,3260,521176,836,149,56,16,3,0,1670,445,100,321,69,8,302,64,12,109,7,1,88,8,6,,710.529721,39.54710877,1944.399515,276.8297614,166.0978569,51.41124141,71.18479579,,55834,10969.17862,809.8196988,29232.35881,9675.041354,3194.391449,1052.030169,898.179903,,25478824,4705393,5846773,5808085,2425782,4770443,1686639,2738771,,342,,31,,,,,,,,,,,,3182,0.05634551
8/13/2021,462,25,1497,542,160,49,28,1152,3915,3915,525091,836,139,56,12,3,0,1702,449,105,226,67,7,315,61,11,98,9,2,91,8,5,,654.6254072,35.42345277,2121.156352,767.980456,226.7100977,69.42996743,39.6742671,,55909,10746.17305,804.423106,29544.31243,9594.548006,3249.074212,1092.302961,875.166243,,25474909,4704931,5846748,5806588,2425240,4770283,1686590,2738743,,342,,31,,,,,,,,,,,,3298,0.059067951
8/14/2021,280,25,1059,327,147,52,57,677,2624,2624,527715,846,144,57,12,3,0,1708,471,105,290,67,7,327,59,10,95,7,2,125,9,5,,377.3600411,33.69286081,1427.229584,440.7026194,198.1140216,70.08115049,76.81972265,,55168,10307.86285,779.0303137,29357.4949,9431.424073,3292.98909,1103.298458,892.9003125,,25472285,4704651,5846723,5805529,2424913,4770136,1686538,2738686,,342,,31,,,,,,,,,,,,3212,0.0574505
8/15/2021,302,19,824,437,117,77,17,419,2212,2212,529927,820,134,56,11,5,0,1671,476,115,216,70,6,339,60,10,94,7,2,129,6,4,,372.5733408,23.44004462,1016.557724,539.1210262,144.3413274,94.99386503,20.9726715,,53769,9943.900478,723.3989297,28756.01691,9228.152242,3195.723275,1062.113752,859.6944126,,25470073,4704349,5846704,5804705,2424476,4770019,1686461,2738669,,342,,31,,,,,,,,,,,,3260,0.059092227
8/16/2021,571,17,1444,380,131,9,14,885,3451,3451,533378,813,137,52,12,4,0,1721,504,126,267,70,6,323,69,9,82,4,0,117,7,4,,767.9349182,22.86321122,1942.028059,511.0600156,176.1812159,12.104053,18.82852689,,54114,10063.38978,697.2200357,29119.16164,9182.039451,3164.837824,1027.900261,859.4510097,,25466622,4703778,5846687,5803261,2424096,4769888,1686452,2738655,,342,,31,,,,,,,,,,,,3230,0.060071789
8/17/2021,383,37,1315,460,182,46,33,818,3274,3274,536652,798,130,53,13,5,0,1609,504,119,363,70,6,319,66,10,81,7,0,113,8,3,,510.5627036,49.3232899,1752.976384,613.2084691,242.6172638,61.32084691,43.99104235,,54820,9895.979745,698.5796709,29582.3046,9455.613392,3284.305164,1014.034839,889.1825871,,25463348,4703395,5846650,5801946,2423636,4769706,1686406,2738622,,342,,31,,,,,,,,,,,,3494,0.064567395
8/18/2021,486,21,1310,508,176,59,53,790,3403,3403,540055,752,131,48,11,4,0,1588,486,120,374,74,7,609,62,8,84,4,0,114,8,3,,632.934558,27.34902411,1706.058171,661.5859166,229.2108687,76.8377344,69.02372752,,55098,10048.9889,690.2770934,29507.15391,9565.970699,3320.174655,1082.64528,882.7894651,,25459945,4702909,5846629,5800636,2423128,4769530,1686347,2738569,,342,,31,,,,,,,,,,,,3024,0.05516235
8/19/2021,443,29,1164,429,159,67,30,754,3075,3075,543130,726,128,50,14,0,0,1560,459,99,283,74,7,305,62,8,88,8,0,110,8,4,,586.9129685,38.42093925,1542.13701,568.3649289,210.6527359,88.76561827,39.74579922,,54790,9885.506032,654.0730327,29147.73536,9750.155072,3312.480168,1136.862287,903.1880421,,25456870,4702466,5846600,5799472,2422699,4769371,1686280,2738539,,342,,31,,,,,,,,,,,,3330,0.060437765
8/20/2021,368,37,1131,310,127,56,50,963,3042,3042,546172,703,117,53,13,0,0,1561,453,102,352,69,4,598,65,9,80,7,1,80,3,2,,538.4588745,54.13852814,1654.883117,453.5930736,185.8268398,81.93939394,73.16017316,,53725,9620.511462,677.8404684,28533.06957,9599.087306,3273.284823,1112.502858,908.7035094,,25453828,4702098,5846563,5798341,2422389,4769244,1686224,2738489,,342,,31,,,,,,,,,,,,3258,0.059463406
8/21/2021,290,20,765,134,130,64,21,651,2075,2075,548247,675,121,51,14,0,0,1561,453,102,393,69,4,502,66,5,76,5,2,85,4,2,,422.5772472,29.14325843,1114.729635,195.2598315,189.4311798,93.25842697,30.60042135,,51862,9139.457182,648.0512359,27464.67783,9320.267989,3267.583978,1138.971129,882.9906617,,25451753,4701808,5846543,5797576,2422255,4769114,1686160,2738468,,342,,31,,,,,,,,,,,,3110,0.057887389
8/22/2021,363,14,823,407,71,23,1,218,1920,1920,550167,675,122,51,12,0,0,1457,408,104,374,69,4,494,68,6,86,8,2,98,6,2,,409.4947121,15.79318449,928.413631,459.1304348,80.09400705,25.94594595,1.128084606,,50053,8973.488931,599.3925686,26757.24207,8798.809534,3091.405145,1069.773865,762.8878821,,25449833,4701445,5846529,5796753,2421848,4769043,1686137,2738467,,342,,31,,,,,,,,,,,,3157,0.060873086
8/23/2021,244,17,873,333,71,6,4,253,1801,1801,551968,647,116,54,12,0,0,1525,425,107,376,69,4,478,57,7,90,8,2,91,4,2,,283.878553,19.77842377,1015.680233,387.4244186,82.60400517,6.980620155,4.65374677,,48636,8906.863674,570.129307,26037.71209,8424.645428,3031.211302,942.6110513,722.8271511,,25448032,4701201,5846512,5795880,2421515,4768972,1686131,2738463,,342,,31,,,,,,,,,,,,3054,0.061015324
8/24/2021,493,20,939,367,125,22,54,505,2525,2525,554493,626,108,55,12,0,0,1425,380,100,368,69,4,463,52,6,72,6,2,139,5,3,,616.25,25,1173.75,458.75,156.25,27.5,67.5,,48613,9030.683164,582.0137244,25743.70916,8551.928886,3013.381751,910.4947668,780.7885455,,25445507,4700708,5846492,5794941,2421148,4768847,1686109,2738409,,342,,31,,,,,,,,,,,,2986,0.061394852
8/25/2021,447,28,990,247,100,35,15,620,2482,2482,556975,611,98,44,12,0,0,1429,371,96,303,70,10,468,53,6,66,10,2,148,8,3,,595.839957,37.32330827,1319.645542,329.244898,133.2975295,46.65413534,19.99462943,,47444,9146.53347,539.5719886,24927.89054,8220.663243,2931.173723,943.1550347,735.0119983,,25443025,4700261,5846464,5793951,2420901,4768747,1686074,2738394,,342,,31,,,,,,,,,,,,2992,0.061547323
8/26/2021,361,23,1016,408,138,50,56,381,2433,2433,559408,591,94,44,14,0,0,1393,388,101,390,79,8,432,39,6,58,13,3,152,7,3,,428.0277778,27.27046784,1204.643275,483.754386,163.622807,59.28362573,66.39766082,,44973,8571.958869,513.1041972,23531.60207,7824.645557,2904.409554,921.0635822,706.2161713,,25440592,4699900,5846441,5792935,2420493,4768609,1686024,2738338,,342,,31,,,,,,,,,,,,2861,0.060302673
8/27/2021,223,25,933,246,97,36,17,488,2065,2065,561473,598,97,49,11,0,0,1379,372,102,289,82,8,435,54,7,55,9,0,156,8,7,,292.0069753,32.73620799,1221.715282,322.1242866,127.016487,47.14013951,22.26062143,,43557,8199.967755,511.2433104,23086.00351,7468.134522,2712.068243,913.6467645,665.9358906,,25438527,4699677,5846416,5792002,2420247,4768512,1685988,2738321,,342,,31,,,,,,,,,,,,2991,0.066506571
8/28/2021,370,34,738,212,101,56,5,341,1856,1857,563329,581,93,48,12,0,0,1348,370,105,440,82,8,438,57,8,57,4,0,155,9,5,,453.2255937,41.64775726,904.0013193,259.6860158,123.7183377,68.59630607,6.124670185,,42153,7942.663628,513.3439589,22045.60532,7450.990777,2669.688724,930.8318292,600.875765,,25436671,4699307,5846382,5791264,2420035,4768411,1685932,2738316,,342,,31,,,,,,,,,,,,3022,0.069380352
8/29/2021,252,17,589,280,46,21,9,174,1388,1388,564717,550,101,41,12,0,0,1376,372,104,515,89,9,388,49,7,61,6,0,150,8,6,,288.1186161,19.43657331,673.4200988,320.1317957,52.59308072,24.00988468,10.28995058,,39626,7576.156837,497.3570794,20597.86907,7003.142116,2495.571707,885.4117464,571.4914485,,25435283,4699055,5846365,5790675,2419755,4768365,1685911,2738307,,342,,31,,,,,,,,,,,,2554,0.060588807
8/30/2021,377,22,1156,173,114,41,19,393,2295,2295,567012,475,96,40,13,0,0,1219,327,99,237,89,9,384,43,7,62,6,0,151,7,5,,454.8974763,26.54574132,1394.858044,208.7460568,137.555205,49.47160883,22.92586751,,39297,7653.694272,490.2099599,20565.49753,6771.185554,2435.012891,864.8022048,517.5975933,,25432988,4698678,5846343,5789519,2419582,4768251,1685870,2738288,,342,,31,,,,,,,,,,,,2349,0.059279261
8/31/2021,338,16,785,248,67,44,25,141,1664,1664,568676,453,97,42,10,4,0,1154,308,100,371,84,9,181,34,6,50,6,3,158,4,4,,369.2921865,17.48128693,857.6756402,270.9599475,73.20288903,48.07353907,27.31451083,,38749,7650.413118,484.2512022,20406.61544,6503.024475,2363.874452,817.8818788,523.9394326,,25431324,4698340,5846327,5788734,2419334,4768184,1685826,2738263,,342,,31,,,,,,,,,,,,2324,0.059139375
1/9/2021,246,32,874,341,102,19,34,404,2052,2052,570728,455,97,43,10,4,0,1129,306,97,365,81,8,229,57,12,51,8,3,138,10,7,,306.3058252,39.84466019,1088.257282,424.5946602,127.0048544,23.65776699,42.33495146,,37350,7188.784025,501.2326512,19552.84466,6416.55912,2314.698091,829.4355928,547.4458572,,25429272,4698094,5846295,5787860,2418993,4768082,1685807,2738229,,,,,,,,,,,,,,,,2294,0.059201528
2/9/2021,327,19,967,158,96,21,31,385,2004,2004,572732,442,89,4,8,4,0,1077,298,100,387,82,5,236,56,10,46,9,5,131,6,6,,404.7609636,23.51822112,1196.953675,195.5725757,118.8289067,25.99382335,38.37183447,,36080,7082.982285,475.4275824,18996.82195,5998.923226,2190.909734,794.1085692,541.8266493,,25427268,4697767,5846276,5786893,2418835,4767986,1685786,2738198,,,,,,,,,,,,,,,,2334,0.06248996
3/9/2021,204,24,797,161,81,58,32,399,1756,1756,574488,405,83,38,6,3,0,1069,301,91,451,87,5,222,49,11,47,11,5,144,6,6,,263.9823139,31.05674282,1031.342668,208.3389831,104.816507,75.05379514,41.40899042,,34433,6714.030041,479.1353011,18322.10645,5545.676293,2066.515372,792.32463,514.2119122,,25425512,4697563,5846252,5786096,2418674,4767905,1685728,2738166,,,,,,,,,,,,,,,,2121,0.058786031
4/9/2021,210,10,464,193,76,37,34,244,1268,1268,575756,408,85,39,7,3,0,1077,322,111,265,87,5,216,45,8,44,4,2,151,8,7,,260.0390625,12.3828125,574.5625,238.9882813,94.109375,45.81640625,42.1015625,,32626,6387.156135,453.0971744,17354.53194,5216.299645,1949.972011,749.375418,516.5676755,,25424244,4697353,5846242,5785632,2418481,4767829,1685691,2738132,,,,,,,,,,,,,,,,2159,0.062701478
5/9/2021,237,20,541,70,58,46,4,113,1089,1089,576845,360,80,42,8,2,0,1028,291,96,357,90,6,207,45,9,56,7,3,151,8,6,,264.4395492,22.31557377,603.6362705,78.1045082,64.71516393,51.32581967,4.463114754,,30673,6113.136809,421.27422,16303.2851,4840.81108,1828.860335,718.7618437,447.8706171,,25423155,4697116,5846222,5785091,2418411,4767771,1685645,2738128,,,,,,,,,,,,,,,,2011,0.061637957
6/9/2021,268,17,864,210,84,9,36,409,1897,1897,578742,357,74,34,9,3,0,981,297,105,292,77,5,212,46,8,54,6,3,157,9,8,,341.6639785,21.67271505,1101.483871,267.7217742,107.0887097,11.47379032,45.89516129,,30495,6032.223541,413.8036766,16290.03933,4913.273022,1746.517865,636.977207,463.165357,,25421258,4696848,5846205,5784227,2418201,4767687,1685636,2738092,,,,,,,,,,,,,,,,1969,0.064193264
7/9/2021,456,21,629,166,88,39,24,254,1677,1677,580419,325,79,36,8,3,0,957,293,97,298,77,5,178,46,9,51,6,1,171,10,6,,537.3942375,24.74841883,741.2740689,195.6303584,103.7076599,45.96134926,28.28390724,,30252,6160.123066,422.758911,16102.89977,4649.772946,1770.131518,656.9926104,490.3211797,,25419581,4696392,5846184,5783598,2418035,4767599,1685597,2738068,,,,,,,,,,,,,,,,1735,0.056894573
8/9/2021,317,11,692,188,101,28,10,293,1640,1640,582059,328,80,34,8,4,0,919,260,85,171,85,6,179,43,7,51,6,1,133,10,7,,385.9539718,13.39272457,842.5241277,228.8938382,122.969562,34.09057164,12.17520416,,30091,6262.198485,416.3732118,15929.74366,4491.242365,1810.497075,684.1025618,497.8426371,,25417941,4696075,5846173,5782906,2417847,4767498,1685569,2738058,,,,,,,,,,,,,,,,1742,0.05758297
9/9/2021,261,33,526,106,73,23,36,213,1271,1271,583330,324,78,33,8,1,0,892,256,86,253,86,8,122,22,7,54,6,1,139,9,4,,313.5453686,39.6436673,631.8960302,127.3402647,87.69659735,27.63043478,43.24763705,,28837,5959.493854,431.0168791,15387.88969,4159.83263,1741.943672,684.2329966,473.5902741,,25416670,4695814,5846140,5782380,2417741,4767425,1685546,2738022,,,,,,,,,,,,,,,,1607,0.053404672
10/9/2021,280,31,434,122,71,15,8,185,1146,1146,584476,338,77,36,8,2,0,862,246,88,118,82,5,165,40,12,41,3,0,130,8,4,,333.9021852,36.96774194,517.5483871,145.4859521,84.66805411,17.88761707,9.540062435,,27501,5697.556082,430.6613127,14585.79254,3976.073684,1693.314197,655.4664784,463.1357071,,25415524,4695534,5846109,5781946,2417619,4767354,1685531,2738014,,,,,,,,,,,,,,,,1610,0.05583105
11/9/2021,152,34,438,83,49,16,5,217,994,994,585470,331,80,16,7,2,0,881,243,87,99,94,4,159,35,11,44,4,0,126,8,4,,194.4504505,43.4954955,560.3243243,106.1801802,62.68468468,20.46846847,6.396396396,,26062,5463.978754,446.8863404,13941.47359,3598.499478,1592.376074,616.6513211,403.1344427,,25414530,4695382,5846075,5781508,2417536,4767305,1685515,2738009,,,,,,,,,,,,,,,,1548,0.056288862
12/9/2021,168,11,362,170,63,45,19,73,911,911,586381,328,79,34,7,2,0,831,237,88,92,86,4,162,37,10,41,4,0,125,9,4,,182.6348449,11.95823389,393.5346062,184.8090692,68.48806683,48.92004773,20.65513126,,24908,5354.606624,426.1083663,13113.29291,3461.184261,1533.847654,618.4312293,401.5289525,,25413619,4695214,5846064,5781146,2417366,4767242,1685470,2737990,,,,,,,,,,,,,,,,1639,0.062888497
9/13/2021,330,21,564,150,75,3,6,337,1486,1486,587867,324,86,34,9,2,0,812,249,85,207,86,4,163,38,7,37,5,0,120,9,4,,426.7885117,27.15926893,729.4203655,193.9947781,96.99738903,3.879895561,7.759791123,,24538,5328.169542,411.619878,12938.71196,3395.493023,1507.126705,553.7148188,403.1640735,,25412133,4694884,5846043,5780582,2417216,4767167,1685467,2737984,,,,,,,,,,,,,,,,1475,0.059217922
9/14/2021,327,33,512,125,102,36,45,382,1562,1562,589429,322,88,41,8,2,0,785,231,83,82,84,3,152,33,5,39,7,1,124,8,4,,432.859322,43.68305085,677.7491525,165.4661017,135.020339,47.65423729,59.56779661,,24712,5472.910248,435.8663555,12943.04101,3240.827329,1589.553964,577.3591714,452.4419195,,25410571,4694557,5846010,5780070,2417091,4767065,1685431,2737939,,,,,,,,,,,,,,,,1604,0.065368001
9/15/2021,327,33,512,125,102,36,45,428,1760,1608,591189,306,78,39,8,2,0,769,218,77,239,60,5,155,34,3,36,7,2,111,8,3,,445.6067797,44.96949153,697.7084746,170.3389831,138.9966102,49.05762712,61.3220339,,24177,5463.619551,454.2901057,12245.89144,3202.420256,1590.995369,576.9451897,490.8380859,,25408811,4694230,5845977,5779558,2416966,4766963,1685395,2737894,,,,,,,,,,,,,,,,1524,0.061670444
9/16/2021,291,32,542,135,99,35,31,346,1511,1511,592700,290,84,36,9,2,0,729,206,75,195,60,6,164,39,4,42,7,2,121,9,5,,377.4257511,41.50386266,702.9716738,175.0944206,128.4025751,45.39484979,40.20686695,,24024,5471.753116,478.3126814,12091.18748,3106.554729,1646.195055,574.2665004,503.730442,,25407300,4693939,5845945,5779016,2416831,4766864,1685360,2737863,,,,,,,,,,,,,,,,1509,0.062414692
9/17/2021,288,24,493,152,91,20,18,472,1558,1558,594258,288,74,31,8,0,0,663,192,68,272,60,6,146,39,3,40,10,4,130,11,5,,413.1712707,34.43093923,707.2688766,218.0626151,130.5506446,28.69244936,25.82320442,,23530,5578.618561,472.8989605,11710.19907,2900.022684,1649.740845,579.3011828,487.218695,,25405742,4693651,5845921,5778523,2416679,4766773,1685340,2737845,,,,,,,,,,,,,,,,1083,0.04507992
9/18/2021,153,28,420,89,79,26,40,231,1066,1066,595324,312,82,33,8,0,0,343,195,72,176,56,6,141,39,1,39,7,3,127,10,6,,195.3269461,35.74610778,536.1916168,113.6215569,100.8550898,33.19281437,51.06586826,,22592,5369.184544,485.1268471,11049.43701,2818.071665,1631.767028,586.5001738,499.9127288,,25404676,4693498,5845893,5778103,2416590,4766694,1685314,2737805,,,,,,,,,,,,,,,,1414,0.060093498
9/19/2021,214,11,265,94,48,16,8,78,734,734,596058,306,85,35,7,1,0,658,199,69,176,55,6,140,33,0,41,8,2,121,9,5,,239.445122,12.30792683,296.5091463,105.1768293,53.70731707,17.90243902,8.951219512,,21570,5344.647352,466.3780312,10314.60349,2714.909511,1580.657838,529.3488177,467.4549579,,25403942,4693284,5845882,5777838,2416496,4766646,1685298,2737797,,,,,,,,,,,,,,,,1401,0.062013102
9/20/2021,271,22,491,70,74,5,42,120,1095,1095,597153,295,84,30,7,1,0,656,188,64,174,53,6,133,32,2,42,5,2,125,8,4,,304.3538462,24.70769231,551.4307692,78.61538462,83.10769231,5.615384615,47.16923077,,21397,5388.962136,478.702911,10291.47176,2554.536614,1569.656156,489.1477961,472.5226261,,25402847,4693013,5845860,5777347,2416426,4766572,1685293,2737755,,,,,,,,,,,,,,,,1345,0.062355123
9/21/2021,241,17,525,145,80,6,22,294,1330,1330,598483,270,75,29,8,2,0,575,170,62,197,40,7,159,38,2,40,4,3,111,6,4,,309.3918919,21.82432432,673.9864865,186.1486486,102.7027027,7.702702703,28.24324324,,21638,5433.914478,478.2116615,10361.82198,2662.580755,1607.643694,445.5246791,496.3027546,,25401517,4692772,5845843,5776822,2416281,4766492,1685287,2737733,,,,,,,,,,,,,,,,1310,0.061223536
9/22/2021,249,18,672,165,99,14,34,227,1478,1478,599961,268,74,38,7,2,0,575,172,65,192,41,6,153,35,3,26,4,2,113,6,5,,294.1822542,21.26618705,793.9376499,194.940048,116.9640288,16.54036771,40.16946443,,21219,5386.432754,477.8051335,10054.27576,2589.799029,1617.519013,450.5912565,490.5770578,,25400039,4692523,5845825,5776150,2416116,4766393,1685273,2737699,,,,,,,,,,,,,,,,1270,0.05869304
9/23/2021,186,12,504,84,82,33,40,298,1239,1239,601200,273,73,31,7,2,0,562,173,64,163,39,6,162,44,4,31,4,2,108,4,4,,244.9032944,15.80021254,663.6089267,110.6014878,107.968119,43.45058448,52.66737513,,20781,5093.941811,468.8569272,9976.610614,2504.770158,1621.779473,448.0804917,514.9605257,,25398800,4692337,5845813,5775646,2416032,4766311,1685240,2737659,,,,,,,,,,,,,,,,1285,0.060558933
9/24/2021,276,25,474,169,110,26,23,373,1476,1476,602676,278,77,35,7,3,0,570,169,52,170,41,5,166,47,7,28,5,2,99,5,4,,369.3345422,33.45421578,634.2919311,226.1504986,147.1985494,34.79238441,30.77787851,,20617,5077.322381,488.9184184,9768.378417,2502.026818,1646.00846,448.7823045,533.5632,,25397324,4692061,5845788,5775172,2415863,4766201,1685214,2737636,,,,,,,,,,,,,,,,1314,0.063230836
9/25/2021,159,15,370,115,81,41,9,163,953,953,603629,296,80,32,6,3,0,611,181,60,126,43,5,178,45,7,28,5,1,115,6,4,,191.8063291,18.09493671,446.3417722,138.7278481,97.71265823,49.45949367,10.85696203,,20299,4955.583342,467.3696878,9582.824159,2513.414402,1656.024521,470.6113634,501.172525,,25396371,4691902,5845773,5774802,2415748,4766120,1685173,2737627,,,,,,,,,,,,,,,,1305,0.063297279
9/26/2021,203,16,317,102,52,17,23,104,834,834,604463,298,81,41,3,3,0,611,185,64,126,44,5,170,45,7,22,5,0,99,5,3,,231.9205479,18.27945205,362.1616438,116.5315068,59.40821918,19.42191781,26.27671233,,19987,4853.601704,448.681398,9427.437416,2484.459957,1630.764686,472.1456641,517.9091749,,25395537,4691699,5845757,5774485,2415646,4766068,1685156,2737604,,,,,,,,,,,,,,,,1307,0.064387408
9/27/2021,183,22,518,125,94,2,31,307,1282,1282,605745,288,86,40,3,2,0,598,199,69,126,46,5,178,41,7,16,5,0,104,6,4,,240.6215385,28.92717949,681.1035897,164.3589744,123.5979487,2.62974359,40.76102564,,20275,4899.772792,434.1130819,9548.216681,2542.638751,1691.67795,454.3069392,552.2738041,,25394255,4691516,5845735,5773967,2415521,4765974,1685154,2737573,,,,,,,,,,,,,,,,1278,0.063941562
9/28/2021,184,32,456,90,94,34,14,254,1158,1158,606903,287,74,37,3,2,0,590,191,65,126,45,6,168,43,8,20,2,0,103,7,4,,235.699115,40.99115044,584.1238938,115.2876106,120.4115044,43.55309735,17.93362832,,20522,4952.837063,463.1459985,9738.805969,2473.117292,1743.601388,448.9399888,549.5523012,,25393097,4691332,5845703,5773511,2415431,4765880,1685120,2737559,,,,,,,,,,,,,,,,1290,0.063625154
9/29/2021,225,24,431,79,94,10,29,265,1157,1157,608060,287,72,21,5,0,0,600,191,61,126,45,5,161,36,7,25,2,0,111,8,5,,291.8441704,31.13004484,559.043722,102.4697309,121.926009,12.97085202,37.61547085,,20193,4817.892721,467.1167744,9568.429326,2381.592245,1768.530007,458.0309453,579.4079809,,25391940,4691107,5845679,5773080,2415352,4765786,1685110,2737530,,,,,,,,,,,,,,,,1389,0.067683462
9/30/2021,174,16,445,103,86,36,28,180,1078,1068,609138,241,61,34,5,0,0,583,195,66,137,45,5,278,39,7,23,5,0,99,8,5,,209.2702703,19.24324324,535.2027027,123.8783784,103.4324324,43.2972973,33.67567568,,19709,4594.30367,442.6769668,9425.882876,2340.004522,1736.942101,453.6740053,553.51586,,25390862,4690933,5845663,5772635,2415249,4765700,1685074,2737502,,,,,,,,,,,,,,,,241,0.011934829
